Verfasser*in,Verfasser*in GND,Körperschaft Verfasser*in,Körperschaft Verfasser*in GND,Adressat*in,Adressat*in GND,Körperschaft Adressat*in,Körperschaft Adressat*in GND,Art/Umfang,Physical Description,Beilagen,Enclosures,Datierung Original,Date original,Datierung erschlossen,Date supplied/verified,Datum normalisiert,Poststempel,Entstehungsort Original,Entstehungsort erschlossen,Postanschrift (original),Sprache,Beschreibstoff,Writing Material,Schreibstoff,Writing Instrument,Schreiberhand,Maße,Standort GND ,Signatur,Provenienz,Erwerbung,Acquired,Beteiligte,Beteiligte (GND),Hinweis,Note(s),Postanschrift normalisiert,Anmerkungen
"Zweig, Stefan",http://d-nb.info/gnd/118637479,,,"Meingast, Anna",http://d-nb.info/gnd/1080163751,,,"1 Brief, Manuskript, 1 Blatt","1 letter, manuscript, 1 leaf",,,,,1919,1919,1919,,,Salzburg,,GER,Schreibpapier,Writing paper,violette Tinte,purple ink,Stefan Zweig,"21 x 26,8 cm",https://d-nb.info/gnd/1047604132,SZ-SAM/B7.1,Wilhelm Meingast, , ,,,,,,
"Zweig, Stefan",http://d-nb.info/gnd/118637479,,,"Meingast, Anna",http://d-nb.info/gnd/1080163751,,,"1 Brief, Manuskript, 1 Blatt","1 letter, manuscript, 1 leaf",,,,,,,,,,Salzburg,,GER,Briefpapier Stefan Zweigs,Stefan Zweig stationary,violette Tinte,purple ink,Stefan Zweig,"13,3 x 20,6 cm",https://d-nb.info/gnd/1047604132,SZ-SAM/B7.2,Wilhelm Meingast,,,,,,,,
"Zweig, Stefan",http://d-nb.info/gnd/118637479,,,"Meingast, Anna",http://d-nb.info/gnd/1080163751,,,"1 Brief, Manuskript, 1 Blatt","1 letter, manuscript, 1 leaf",,,,,,,,,,Salzburg,,GER,Schreibpapier,Writing paper,Bleistift,pencil,Stefan Zweig,"21,4 x 27,1 cm",https://d-nb.info/gnd/1047604132,SZ-SAM/B7.3,Wilhelm Meingast,,,,,,,,
"Zweig, Stefan",http://d-nb.info/gnd/118637479,,,"Meingast, Anna",http://d-nb.info/gnd/1080163751,,,"1 Postkarte, Manuskript, 1 Blatt","1 postcard, manuscript, 1 leaf",,,,,,,1924-11-28,28. XI 1924,Paris,,,GER,Postkarte,Postcard,violette Tinte,purple ink,Stefan Zweig,"13,7 x 8,9 cm",https://d-nb.info/gnd/1047604132,SZ-SAM/B7.4,Wilhelm Meingast,,,,,,,"Salzburg, Linzergasse 16",
"Zweig, Stefan",http://d-nb.info/gnd/118637479,,,"Meingast, Anna",http://d-nb.info/gnd/1080163751,,,"1 Postkarte, Manuskript, 1 Blatt","1 postcard, manuscript, 1 leaf",,,,,,,1928-07-07,7. VII 928,Ostende,,,GER,Postkarte,Postcard,violette Tinte,purple ink,Stefan Zweig,14 x 9 cm,https://d-nb.info/gnd/1047604132,SZ-SAM/B7.5,Wilhelm Meingast,,,,,,,"Salzburg, Kapuzinerberg 5",REIHENFOLGE ÄNDERN!
"Zweig, Stefan",http://d-nb.info/gnd/118637479,,,"Meingast, Anna",http://d-nb.info/gnd/1080163751,,,"1 Postkarte, Manuskript, 1 Blatt","1 postcard, manuscript, 1 leaf",,,,,,,1928-08-02,2. VIII 928,Ostende,,,GER,Postkarte,Postcard,Bleistift,pencil,Stefan Zweig,14 x 9 cm,https://d-nb.info/gnd/1047604132,SZ-SAM/B7.6,Wilhelm Meingast,,,,,,,"Salzburg, Linzergasse 16",
"Zweig, Stefan",http://d-nb.info/gnd/118637479,,,"Meingast, Anna",http://d-nb.info/gnd/1080163751,,,"1 Postkarte, Manuskript, 1 Blatt","1 postcard, manuscript, 1 leaf",,,,,,,1928-08-14,14. VIII 928,Ostende,,,GER,Postkarte,Postcard,"violette Tinte, schwarze Tinte","purple ink, black ink","Stefan Zweig, Friderike Zweig","13,9 x 9 cm",https://d-nb.info/gnd/1047604132,SZ-SAM/B7.7,Wilhelm Meingast,,,"Zweig, Friderike",http://d-nb.info/gnd/118637460,,,"Salzburg, Kapuzinerberg 5",
"Zweig, Stefan",http://d-nb.info/gnd/118637479,,,"Meingast, Anna",http://d-nb.info/gnd/1080163751,,,"1 Ansichtspostkarte, Manuskript, 1 Blatt","1 picture postcard, manuscript, 1 leaf",,,,,,,1931-01-18,18. I. 1931,Paris,,,GER,"Ansichtspostkarte: ""PARIS - Palais Royal - Hôtel vu des Jardins | Royal Palace, View of the hotel from the gardens | Hôtel Beaujolais, 15, Rue du Beaujolais""","Picture postcard: ""PARIS - Palais Royal - Hôtel vu des Jardins | Royal Palace, View of the hotel from the gardens | Hôtel Beaujolais, 15, Rue du Beaujolais""",violette Tinte,purple ink,Stefan Zweig,,https://d-nb.info/gnd/1047604132,SZ-SAM/B7.8,Wilhelm Meingast,,,,,,,"Salzburg, Linzergasse 16",
"Zweig, Stefan",http://d-nb.info/gnd/118637479,,,"Meingast, Anna",http://d-nb.info/gnd/1080163751,,,"1 Ansichtspostkarte, Manuskript, 1 Blatt","1 picture postcard, manuscript, 1 leaf",,,,,,,1931-01-23,23 ENE 31,Barcelona,,,GER,"Ansichtspostkarte: ""DEYÀ (Mallorca). Vista general del Pueblo""","Picture postcard: ""DEYÀ (Mallorca). Vista general del Pueblo""",violette Tinte,purple ink,Stefan Zweig,,https://d-nb.info/gnd/1047604132,SZ-SAM/B7.9,Wilhelm Meingast,,,,,,,"Salzburg, Linzergasse 16",
"Zweig, Stefan",http://d-nb.info/gnd/118637479,,,"Meingast, Anna",http://d-nb.info/gnd/1080163751,,,"1 Brief, Manuskript, 1 Blatt","1 letter, manuscript, 1 leaf",,,28/I 31,28/I 31,,,1931-01-28,,,Antibes,,GER,Schreibpapier,Writing paper,schwarze Tinte,black ink,"Friderike Zweig, Stefan Zweig","21 x 26,9 cm",https://d-nb.info/gnd/1047604132,SZ-SAM/B7.10,Wilhelm Meingast,,,"Zweig, Friderike",http://d-nb.info/gnd/118637460,Von Stefan Zweig diktierter Brief in Friderike Zweigs Handschrift,Letter dictated by Stefan Zweig in Friderike Zweig's handwriting,,
Friderike Zweig,http://d-nb.info/gnd/118637460,,,"Meingast, Anna",http://d-nb.info/gnd/1080163751,,,"1 Postkarte, Manuskript, 1 Blatt","1 postcard, manuscript, 1 leaf",,,3/II 31,3/II 31,,,1931-02-03,,Antibes,,,GER,Postkarte,Postcard,schwarze und violette Tinte,black and purple ink,"Friderike Zweig, Stefan Zweig","14,8 x 10,9 cm",https://d-nb.info/gnd/1047604132,SZ-SAM/B7.11,Wilhelm Meingast,,,"Zweig, Stefan",http://d-nb.info/gnd/118637479,,,"Salzburg, Kapuzinerberg 5",
Friderike Zweig,http://d-nb.info/gnd/118637460,,,"Meingast, Anna",http://d-nb.info/gnd/1080163751,,,"1 Postkarte, Manuskript, 1 Blatt","1 postcard, manuscript, 1 leaf",,,,,,,1931-02-14,14 - 2 31,Antibes,,,GER,Postkarte,Postcard,schwarze und violette Tinte,black and purple ink,"Friderike Zweig, Stefan Zweig","14,9 x 10,9 cm",https://d-nb.info/gnd/1047604132,SZ-SAM/B7.12,Wilhelm Meingast,,,"Zweig, Stefan",http://d-nb.info/gnd/118637479,,,"Salzburg, Kapuzinerberg 5",
"Zweig, Stefan",http://d-nb.info/gnd/118637479,,,"Meingast, Anna",http://d-nb.info/gnd/1080163751,,,"1 Brief, Typoskript, 1 Blatt","1 letter, typescript, 1 leaf",,,17 Febr 1931,17 Febr 1931,,,1931-02-17,,Antibes,,,GER,Schreibmaschinenpapier,Typewriter paper,"schwarzes Farbband, violette Tinte","black ribbon, purple ink",Stefan Zweig,"20,4 x 21,2 cm",https://d-nb.info/gnd/1047604132,SZ-SAM/B7.13,Wilhelm Meingast,,,,,,,,
"Zweig, Stefan",http://d-nb.info/gnd/118637479,,,"Meingast, Anna",http://d-nb.info/gnd/1080163751,,,"1 Postkarte, Manuskript, 1 Blatt","1 postcard, manuscript, 1 leaf",,,,,,,1931-02-28,29-2 31,Antibes,,,GER,Postkarte,Postcard,violette Tinte,purple ink,Stefan Zweig,,https://d-nb.info/gnd/1047604132,SZ-SAM/B7.14,Wilhelm Meingast,,,,,,,"Salzburg, Kapuzinerberg 5",
"Zweig, Stefan",http://d-nb.info/gnd/118637479,,,"Meingast, Anna",http://d-nb.info/gnd/1080163751,,,"1 Postkarte, Manuskript, 1 Blatt","1 postcard, manuscript, 1 leaf",,,,,,,1931-03-14,14 -3 31,Antibes,,,GER,Postkarte,Postcard,violette Tinte,purple ink,Stefan Zweig,"14,8 x 10,4 cm",https://d-nb.info/gnd/1047604132,SZ-SAM/B7.15,Wilhelm Meingast,,,,,,,"Salzburg, Linzergasse 16",
"Zweig, Stefan",http://d-nb.info/gnd/118637479,,,"Meingast, Anna",http://d-nb.info/gnd/1080163751,,,"1 Brief, Manuskript, 1 Blatt","1 letter, manuscript, 1 leaf",,,6. Juli 1931,6. Juli 1931,,,1931-07-06,,,Zell am See,,GER,Schreibpapier,Writing paper,violette Tinte,purple ink,Stefan Zweig,"18 x 26,9 cm",https://d-nb.info/gnd/1047604132,SZ-SAM/B7.16,Wilhelm Meingast,,,,,,,,
"Zweig, Stefan",http://d-nb.info/gnd/118637479,,,"Meingast, Anna",http://d-nb.info/gnd/1080163751,,,"1 Postkarte, Manuskript, 1 Blatt","1 postcard, manuscript, 1 leaf",,,,,,,1932-01-08,8 . I. 1932,Paris,,,GER,Postkarte,Postcard,violette Tinte,purple ink,Stefan Zweig,"14,8 x 10,4 cm",https://d-nb.info/gnd/1047604132,SZ-SAM/B7.17,Wilhelm Meingast,,,,,,,"Salzburg, Kapuzinerberg 5",
"Zweig, Stefan",http://d-nb.info/gnd/118637479,,,"Meingast, Anna",http://d-nb.info/gnd/1080163751,,,"1 Ansichtspostkarte, Manuskript, 1 Blatt","1 picture postcard, manuscript, 1 leaf",,,27. 1. 32,27. 1. 32,,,1932-01-27,,Paris,,,GER,"Ansichtspostkarte: ""PALAIS DE VERSAILLES | Hameau du Petit Trianan – Maison de la Reine""","Picture postcard: ""PALAIS DE VERSAILLES | Hameau du Petit Trianan – Maison de la Reine""",violette Tinte,purple ink,Stefan Zweig,,https://d-nb.info/gnd/1047604132,SZ-SAM/B7.18,Wilhelm Meingast,,,,,,,"Salzburg, Kapuzinerberg 5",
"Zweig, Stefan",http://d-nb.info/gnd/118637479,,,"Meingast, Anna",http://d-nb.info/gnd/1080163751,,,"1 Ansichtspostkarte, Manuskript, 1 Blatt","1 picture postcard, manuscript, 1 leaf",,,3. 3. 32,3. 3. 32,,,1932-03-03,,,Salzburg,,GER,"Ansichtspostkarte: ""PALAIS DE VERSAILLES – Petit Trianon. Le Pavillon de la Musique.""","Picture postcard: ""PALAIS DE VERSAILLES – Petit Trianon. Le Pavillon de la Musique.""",Bleistift,pencil,Stefan Zweig,,https://d-nb.info/gnd/1047604132,SZ-SAM/B7.19,Wilhelm Meingast,,,,,,,,
"Zweig, Stefan",http://d-nb.info/gnd/118637479,,,"Meingast, Anna",http://d-nb.info/gnd/1080163751,,,"1 Postkarte, Manuskript, 1 Blatt","1 postcard, manuscript, 1 leaf",,,,,,,1932-11-30,30-XI 1932,Zürich,,,GER,Postkarte,Postcard,violette Tinte,purple ink,Stefan Zweig,,https://d-nb.info/gnd/1047604132,SZ-SAM/B7.20,Wilhelm Meingast,,,,,,,"Salzburg, Kapuzinerberg 5",
"Zweig, Stefan",http://d-nb.info/gnd/118637479,,,"Meingast, Anna",http://d-nb.info/gnd/1080163751,,,"1 Brief, Manuskript, 1 Blatt","1 letter, manuscript, 1 leaf",,,5./XII 32,5./XII 32,,,1932-12-05,,,Arosa,,GER,Schreibpapier,Writing paper,schwarze Tinte,black ink,"Friderike Zweig, Stefan Zweig","13,4 x 21,5 cm",https://d-nb.info/gnd/1047604132,SZ-SAM/B7.21,Wilhelm Meingast,,,"Zweig, Friderike",http://d-nb.info/gnd/118637460,Von Stefan Zweig diktierter Brief in Friderike Zweigs Handschrift,Letter dictated by Stefan Zweig in Friderike Zweig's handwriting,,
"Zweig, Stefan",http://d-nb.info/gnd/118637479,,,"Meingast, Anna",http://d-nb.info/gnd/1080163751,,,"1 Postkarte, Manuskript, 1 Blatt","1 postcard, manuscript, 1 leaf",,,,,,,1933-10-06,6. X 1933,Montreux,,,GER,Postkarte,Postcard,violette Tinte,purple ink,Stefan Zweig,"14,8 x 10,4 cm",https://d-nb.info/gnd/1047604132,SZ-SAM/B7.22,Wilhelm Meingast,,,,,,,"Salzburg, Kapuzinerberg 5",
"Zweig, Stefan",http://d-nb.info/gnd/118637479,,,"Meingast, Anna",http://d-nb.info/gnd/1080163751,,,"1 Postkarte, Manuskript, 1 Blatt","1 postcard, manuscript, 1 leaf",,,21 OCT 1933,21 OCT 1933,,,1933-10-21,,London,,,GER,"Ansichtspostkarte: ""Brown's Hotel. Dover Street & Albermale Street. London W. 1.""","Picture postcard: ""Brown's Hotel. Dover Street & Albermale Street. London W. 1.""",violette Tinte,purple ink,Stefan Zweig,,https://d-nb.info/gnd/1047604132,SZ-SAM/B7.23,Wilhelm Meingast,,,,,,,"Salzburg, Kapuzinerberg 5",
"Zweig, Stefan",http://d-nb.info/gnd/118637479,,,"Meingast, Anna",http://d-nb.info/gnd/1080163751,,,"1 Brief, Typoskript, 1 Blatt","1 letter, typescript, 1 leaf",,,25. Oktober 1933.,25. Oktober 1933.,,,1933-10-25,,London,,,GER,Schreibmaschinenpapier,Typewriter paper,"schwarzes Farbband, violette Tinte","black ribbon, purple ink",Stefan Zweig,"21 x 26,9 cm",https://d-nb.info/gnd/1047604132,SZ-SAM/B7.24,Wilhelm Meingast,,,,,,,,
"Zweig, Stefan",http://d-nb.info/gnd/118637479,,,"Meingast, Anna",http://d-nb.info/gnd/1080163751,,,"1 Brief, Typoskript, 1 Blatt","1 letter, typescript, 1 leaf",,,8. November 1933.,8. November 1933.,,,1933-11-08,,London,,,GER,Schreibmaschinenpapier,Typewriter paper,"schwarzes Farbband, violette Tinte","black ribbon, purple ink",Stefan Zweig,"17,2 x 23,4 cm",https://d-nb.info/gnd/1047604132,SZ-SAM/B7.25,Wilhelm Meingast,,,,,,,,
"Zweig, Stefan",http://d-nb.info/gnd/118637479,,,"Meingast, Anna",http://d-nb.info/gnd/1080163751,,,"1 Brief, Typoskript, 1 Blatt","1 letter, typescript, 1 leaf",,,13. November 1933.,13. November 1933.,,,1933-11-13,,London,,,GER,Schreibmaschinenpapier,Typewriter paper,"schwarzes Farbband, violette Tinte","black ribbon, purple ink",Stefan Zweig,"17,3 x 23,3 cm ",https://d-nb.info/gnd/1047604132,SZ-SAM/B7.26,Wilhelm Meingast,,,,,,,,
"Zweig, Stefan",http://d-nb.info/gnd/118637479,,,"Meingast, Anna",http://d-nb.info/gnd/1080163751,,,"1 Brief, Typoskript, 1 Blatt","1 letter, typescript, 1 leaf",,,27. November 1933.,27. November 1933.,,,1933-11-27,,London,,,GER,Schreibmaschinenpapier,Typewriter paper,"schwarzes Farbband, violette Tinte","black ribbon, purple ink",Stefan Zweig,"20,4 x 25,5 cm",https://d-nb.info/gnd/1047604132,SZ-SAM/B7.27,Wilhelm Meingast,,,,,,,,
"Zweig, Stefan",http://d-nb.info/gnd/118637479,,,"Meingast, Anna",http://d-nb.info/gnd/1080163751,,,"1 Brief, Typoskript, 1 Blatt","1 letter, typescript, 1 leaf",,,6. 3. 34.,6. 3. 34.,,,1934-03-06,,London,,,GER,Schreibmaschinenpapier,Typewriter paper,"schwarzes Farbband, violette Tinte","black ribbon, purple ink",Stefan Zweig,"20,2 x 25,3 cm",https://d-nb.info/gnd/1047604132,SZ-SAM/B7.28,Wilhelm Meingast,,,,,,,,
"Zweig, Stefan",http://d-nb.info/gnd/118637479,,,"Meingast, Anna",http://d-nb.info/gnd/1080163751,,,"1 Brief, Typoskript, 1 Blatt","1 letter, typescript, 1 leaf",,,24. März 1934.,24. März 1934.,,,1934-03-24,,London,,,GER,Schreibmaschinenpapier,Typewriter paper,"schwarzes Farbband, violette Tinte","black ribbon, purple ink",Stefan Zweig,"20,2 x 25,3 cm",https://d-nb.info/gnd/1047604132,SZ-SAM/B7.29,Wilhelm Meingast,,,,,,,,
"Zweig, Stefan",http://d-nb.info/gnd/118637479,,,"Meingast, Anna",http://d-nb.info/gnd/1080163751,,,"1 Postkarte, Manuskript, 1 Blatt","1 postcard, manuscript, 1 leaf",,,26 MCH 1934,26 MCH 1934,,,1934-03-26,,London,,,GER,Postkarte,Postcard,violette Tinte,purple ink,Stefan Zweig,"13,9 x 8,9 cm",https://d-nb.info/gnd/1047604132,SZ-SAM/B7.30,Wilhelm Meingast,,,,,,,"Salzburg, Linzergasse 16",
"Zweig, Stefan",http://d-nb.info/gnd/118637479,,,"Meingast, Anna",http://d-nb.info/gnd/1080163751,,,"1 Brief, Typoskript, 1 Blatt","1 letter, typescript, 1 leaf",,,3. April 1934.,3. April 1934.,,,1934-04-03,,London,,,GER,Schreibmaschinenpapier,Typewriter paper,"schwarzes Farbband, violette Tinte","black ribbon, purple ink",Stefan Zweig,"20,2 x 25,3 cm",https://d-nb.info/gnd/1047604132,SZ-SAM/B7.31,Wilhelm Meingast,,,,,,,,
"Zweig, Stefan",http://d-nb.info/gnd/118637479,,,"Meingast, Anna",http://d-nb.info/gnd/1080163751,,,"1 Brief, Typoskript, 1 Blatt","1 letter, typescript, 1 leaf",,,7. April 1934.,7. April 1934.,,,1934-04-07,,London,,,GER,Schreibmaschinenpapier,Typewriter paper,"schwarzes Farbband, blauer Farbstift","black ribbon, blue crayon",Stefan Zweig,"20,2 x 25,3 cm",https://d-nb.info/gnd/1047604132,SZ-SAM/B7.32,Wilhelm Meingast,,,,,,,,
"Zweig, Stefan",http://d-nb.info/gnd/118637479,,,"Meingast, Anna",http://d-nb.info/gnd/1080163751,,,"1 Brief, Typoskript und Manuskript, 1 Blatt","1 letter, typescript and manuscript, 1 leaf",,,14. April 1934,14. April 1934,,,1934-04-14,,London,,,GER,Schreibmaschinenpapier,Typewriter paper,"schwarzes Farbband, Bleistift","black ribbon, pencil",Stefan Zweig,"20,2 x 25,3 cm",https://d-nb.info/gnd/1047604132,SZ-SAM/B7.33,Wilhelm Meingast,,,,,,,,
"Zweig, Stefan",http://d-nb.info/gnd/118637479,,,"Meingast, Anna",http://d-nb.info/gnd/1080163751,,,"1 Brief, Typoskript, 1 Blatt","1 letter, typescript, 1 leaf",,,18. 4. 34,18. 4. 34,,,1934-04-18,,London,,,GER,Schreibmaschinenpapier,Typewriter paper,"schwarzes Farbband, violette Tinte, schwarze Tinte","black ribbon, purple ink, black ink",Stefan Zweig,"20,2 x 25,3 cm",https://d-nb.info/gnd/1047604132,SZ-SAM/B7.34,Wilhelm Meingast,,,"Zweig, Friderike",http://d-nb.info/gnd/118637460,,,,
"Zweig, Stefan",http://d-nb.info/gnd/118637479,,,"Meingast, Anna",http://d-nb.info/gnd/1080163751,,,"1 Brief, Typoskript, 1 Blatt","1 letter, typescript, 1 leaf",,,27. April 1934.,27. April 1934.,,,1934-04-27,,London,,,GER,Schreibmaschinenpapier,Typewriter paper,"schwarzes Farbband, violette Tinte","black ribbon, purple ink",Stefan Zweig,"20,2 x 25,3 cm",https://d-nb.info/gnd/1047604132,SZ-SAM/B7.35,Wilhelm Meingast,,,,,,,,
"Zweig, Stefan",http://d-nb.info/gnd/118637479,,,"Meingast, Anna",http://d-nb.info/gnd/1080163751,,,"1 Brief, Typoskript, 1 Blatt","1 letter, typescript, 1 leaf",,,14. Juni 1934.,14. Juni 1934.,,,1934-06-14,,London,,,GER,Schreibmaschinenpapier,Typewriter paper,"schwarzes Farbband, violette Tinte","black ribbon, purple ink",Stefan Zweig,"18,2 x 23,2 cm",https://d-nb.info/gnd/1047604132,SZ-SAM/B7.36,Wilhelm Meingast,,,,,,,,
"Zweig, Stefan",http://d-nb.info/gnd/118637479,,,"Meingast, Anna",http://d-nb.info/gnd/1080163751,,,"1 Brief, Typoskript, 1 Blatt","1 letter, typescript, 1 leaf",,,30.Juni 1934.,30.Juni 1934.,,,1934-06-30,,London,,,GER,Schreibmaschinenpapier,Typewriter paper,"schwarzes Farbband, violette Tinte","black ribbon, purple ink",Stefan Zweig,"20,2 x 25,3 cm",https://d-nb.info/gnd/1047604132,SZ-SAM/B7.37,Wilhelm Meingast,,,,,,,,
"Zweig, Stefan",http://d-nb.info/gnd/118637479,,,"Meingast, Anna",http://d-nb.info/gnd/1080163751,,,"1 Brief, Manuskript, 1 Blatt","1 letter, manuscript, 1 leaf",,,,,Juli 1934,July 1934,1934-07,,,London,,GER,Schreibpapier,Writing paper,violette Tinte,purple ink,Stefan Zweig,"15,2 x 20,3 cm",https://d-nb.info/gnd/1047604132,SZ-SAM/B7.38,Wilhelm Meingast,,,,,,,,
"Zweig, Stefan",http://d-nb.info/gnd/118637479,,,"Meingast, Anna",http://d-nb.info/gnd/1080163751,,,"1 Brief, Typoskript, 1 Blatt","1 letter, typescript, 1 leaf",,,26.Juli 1934.,26.Juli 1934.,,,1934-07-26,,London,,,GER,Briefpapier Stefan Zweigs,Stefan Zweig stationary,"schwarzes Farbband, violette Tinte","black ribbon, purple ink",Stefan Zweig,"20,2 x 25,3 cm",https://d-nb.info/gnd/1047604132,SZ-SAM/B7.39,Wilhelm Meingast,,,,,,,,
"Zweig, Stefan",http://d-nb.info/gnd/118637479,,,"Meingast, Anna",http://d-nb.info/gnd/1080163751,,,"1 Brief, Manuskript, 1 Blatt","1 letter, manuscript, 1 leaf",,,,,August 1934,August 1934,1934-08,,Klosters,,,GER,Schreibpapier,Writing paper,violette Tinte,purple ink,Stefan Zweig,"20,3 x 25,5 cm",https://d-nb.info/gnd/1047604132,SZ-SAM/B7.40,Wilhelm Meingast,,,,,,,,
"Zweig, Stefan",http://d-nb.info/gnd/118637479,,,"Meingast, Anna",http://d-nb.info/gnd/1080163751,,,"1 Postkarte, Manuskript, 1 Blatt","1 postcard, manuscript, 1 leaf",,,11. VIII. 34,11. VIII. 34,,,1934-08-11,,Klosters,,,GER,Postkarte,Postcard,violette Tinte,purple ink,Stefan Zweig,"14,8 x 10,5 cm",https://d-nb.info/gnd/1047604132,SZ-SAM/B7.41,Wilhelm Meingast,,,,,,,"Salzburg, Kapuzinerberg 5",
"Zweig, Stefan",http://d-nb.info/gnd/118637479,,,"Meingast, Anna",http://d-nb.info/gnd/1080163751,,,"1 Postkarte, Manuskript, 1 Blatt","1 postcard, manuscript, 1 leaf",,,15. VIII. 34,15. VIII. 34,,,1934-08-15,,Klosters,,,GER,Postkarte,Postcard,violette Tinte,purple ink,Stefan Zweig,"14,8 x 10,5 cm",https://d-nb.info/gnd/1047604132,SZ-SAM/B7.42,Wilhelm Meingast,,,,,,,"Salzburg, Kapuzinerberg 5",
"Zweig, Stefan",http://d-nb.info/gnd/118637479,,,"Meingast, Anna",http://d-nb.info/gnd/1080163751,,,"1 Brief, Typoskript, 1 Blatt","1 letter, typescript, 1 leaf",,,12. Oktober 1934.,12. Oktober 1934.,,,1934-10-12,,London,,,GER,Briefpapier Stefan Zweigs,Stefan Zweig stationary,"schwarzes Farbband, Bleistift","black ribbon, pencil",Stefan Zweig,"20,2 x 25,3 cm",https://d-nb.info/gnd/1047604132,SZ-SAM/B7.43,Wilhelm Meingast,,,,,,,,
"Zweig, Stefan",http://d-nb.info/gnd/118637479,,,"Meingast, Anna",http://d-nb.info/gnd/1080163751,,,"1 Brief, Typoskript, 1 Blatt","1 letter, typescript, 1 leaf",,,22. Oktober 1934.,22. Oktober 1934.,,,1934-10-22,,London,,,GER,Briefpapier Stefan Zweigs,Stefan Zweig stationary,"schwarzes Farbband, violette Tinte","black ribbon, purple ink",Stefan Zweig,"20,2 x 25,3 cm",https://d-nb.info/gnd/1047604132,SZ-SAM/B7.44,Wilhelm Meingast,,,,,,,,
"Zweig, Stefan",http://d-nb.info/gnd/118637479,,,"Meingast, Anna",http://d-nb.info/gnd/1080163751,,,"1 Brief, Typoskript, 1 Blatt","1 letter, typescript, 1 leaf",,,5. November 1934.,5. November 1934.,,,1934-11-05,,London,,,GER,Briefpapier Stefan Zweigs,Stefan Zweig stationary,"schwarzes Farbband, violette Tinte","black ribbon, purple ink",Stefan Zweig,"20,2 x 25,3 cm",https://d-nb.info/gnd/1047604132,SZ-SAM/B7.45,Wilhelm Meingast,,,,,,,,
"Zweig, Stefan",http://d-nb.info/gnd/118637479,,,"Meingast, Anna",http://d-nb.info/gnd/1080163751,,,"1 Brief, Typoskript, 1 Blatt","1 letter, typescript, 1 leaf",,,7. November 1934.,7. November 1934.,,,1934-11-07,,,London,,GER,Schreibmaschinenpapier,Typewriter paper,"schwarzes Farbband, violette Tinte","black ribbon, purple ink",Stefan Zweig,"20,2 x 25,3 cm",https://d-nb.info/gnd/1047604132,SZ-SAM/B7.46,Wilhelm Meingast,,,,,,,,
"Zweig, Stefan",http://d-nb.info/gnd/118637479,,,"Meingast, Anna",http://d-nb.info/gnd/1080163751,,,"1 Brief, Typoskript, 1 Blatt","1 letter, typescript, 1 leaf",,,8. November 1934.,8. November 1934.,,,1934-11-08,,London,,,GER,Schreibmaschinenpapier,Typewriter paper,"schwarzes Farbband, violette Tinte","black ribbon, purple ink",Stefan Zweig,"20,2 x 25,5 cm",https://d-nb.info/gnd/1047604132,SZ-SAM/B7.47,Wilhelm Meingast,,,,,,,,
"Zweig, Stefan",http://d-nb.info/gnd/118637479,,,"Meingast, Anna",http://d-nb.info/gnd/1080163751,,,"1 Brief, Typoskript, 1 Blatt","1 letter, typescript, 1 leaf",,,22. November 1934.,22. November 1934.,,,1934-11-22,,London,,,GER,Schreibmaschinenpapier,Typewriter paper,"schwarzes Farbband, violette Tinte","black ribbon, purple ink",Stefan Zweig,"20,2 x 25,5 cm",https://d-nb.info/gnd/1047604132,SZ-SAM/B7.48,Wilhelm Meingast,,,,,,,,
"Zweig, Stefan",http://d-nb.info/gnd/118637479,,,"Meingast, Anna",http://d-nb.info/gnd/1080163751,,,"1 Brief, Typoskript, 1 Blatt","1 letter, typescript, 1 leaf",,,9. Dezember 1934.,9. Dezember 1934.,,,1934-12-09,,Nizza,,,GER,Schreibmaschinenpapier,Typewriter paper,"schwarzes Farbband, violette Tinte","black ribbon, purple ink",Stefan Zweig,"17,7 x 22,8 cm",https://d-nb.info/gnd/1047604132,SZ-SAM/B7.49,Wilhelm Meingast,,,,,,,,
"Zweig, Stefan",http://d-nb.info/gnd/118637479,,,"Meingast, Anna",http://d-nb.info/gnd/1080163751,,,"1 Brief, Typoskript, 1 Blatt","1 letter, typescript, 1 leaf",,,20. Dezember 1934.,20. Dezember 1934.,,,1934-12-20,,Nizza,,,GER,Schreibmaschinenpapier,Typewriter paper,"schwarzes Farbband, violette Tinte, Bleistift","black ribbon, purple ink, pencil",Stefan Zweig,"21 x 26,9 cm",https://d-nb.info/gnd/1047604132,SZ-SAM/B7.50,Wilhelm Meingast,,,,,,,,
"Zweig, Stefan",http://d-nb.info/gnd/118637479,,,"Meingast, Anna",http://d-nb.info/gnd/1080163751,,,"1 Brief, Typoskript, 1 Blatt","1 letter, typescript, 1 leaf",,,2. Januar 1935.,2. Januar 1935.,,,1935-01-02,,Nizza,,,GER,Schreibmaschinenpapier,Typewriter paper,"schwarzes Farbband, violette Tinte","black ribbon, purple ink","Stefan Zweig, Anna Meingast","21 x 26,9 cm",https://d-nb.info/gnd/1047604132,SZ-SAM/B7.51,Wilhelm Meingast,,,"Meingast, Anna",http://d-nb.info/gnd/1080163751,Rückseitig Notizen in Gabelsbergerg Kurzschrift,Notes in Gabelsbergerg shorthand on verso,,
"Zweig, Stefan",http://d-nb.info/gnd/118637479,,,"Meingast, Anna",http://d-nb.info/gnd/1080163751,,,"1 Brief, Typoskript, 1 Blatt","1 letter, typescript, 1 leaf",,,4. Januar 1935,4. Januar 1935,,,1935-01-04,,Nizza,,,GER,Schreibmaschinenpapier,Typewriter paper,"schwarzes Farbband, violette Tinte","black ribbon, purple ink",Stefan Zweig," 21 x 26,9 cm",https://d-nb.info/gnd/1047604132,SZ-SAM/B7.52,Wilhelm Meingast,,,,,,,,
"Zweig, Stefan",http://d-nb.info/gnd/118637479,,,"Meingast, Anna",http://d-nb.info/gnd/1080163751,,,"1 Brief, Typoskript, 1 Blatt","1 letter, typescript, 1 leaf",,,5. Januar 1935,5. Januar 1935,,,1935-01-05,,Nizza,,,GER,Schreibmaschinenpapier,Typewriter paper,"schwarzes Farbband, violette Tinte","black ribbon, purple ink",Stefan Zweig,"21 x 26,9 cm",https://d-nb.info/gnd/1047604132,SZ-SAM/B7.53,Wilhelm Meingast,,,,,,,,
"Zweig, Stefan",http://d-nb.info/gnd/118637479,,,"Meingast, Anna",http://d-nb.info/gnd/1080163751,,,"1 Postkarte, Manuskript, 1 Blatt","1 postcard, manuscript, 1 leaf",,,25. II 35,25. II 35,,,1935-02-25,,Wien,,,GER,Postkarte,Postcard,schwarze und violette Tinte,black and purple ink,"Stefan Zweig, Friderike Zweig","14,7 x 10,3 cm",https://d-nb.info/gnd/1047604132,SZ-SAM/B7.54,Wilhelm Meingast,,,"Zweig, Friderike",http://d-nb.info/gnd/118637460,,,"Salzburg, Kapuzinerberg 5",
"Zweig, Stefan",http://d-nb.info/gnd/118637479,,,"Meingast, Anna",http://d-nb.info/gnd/1080163751,,,"1 Postkarte, Typoskript, 1 Blatt","1 postcard, typescript, 1 leaf",,,,,,,1935-03-01,1 III. 35,Wien,,,GER,Postkarte,Postcard,"schwarzes Farbband, violette Tinte","black ribbon, purple ink",Stefan Zweig,"14,7 x 10,3 cm",https://d-nb.info/gnd/1047604132,SZ-SAM/B7.55,Wilhelm Meingast,,,,,,,"Salzburg, Kapuzinerberg 5",
"Zweig, Stefan",http://d-nb.info/gnd/118637479,,,"Meingast, Anna",http://d-nb.info/gnd/1080163751,,,"1 Brief, Typoskript, 1 Blatt","1 letter, typescript, 1 leaf",,,23. März 1935.,23. März 1935.,,,1935-03-23,,Wien,,,GER,Schreibmaschinenpapier,Typewriter paper,"schwarzes Farbband, violette Tinte","black ribbon, purple ink",Stefan Zweig,"21,1 x 26,9 cm",https://d-nb.info/gnd/1047604132,SZ-SAM/B7.56,Wilhelm Meingast,,,,,,,,
"Zweig, Stefan",http://d-nb.info/gnd/118637479,,,"Meingast, Anna",http://d-nb.info/gnd/1080163751,,,"1 Postkarte, Manuskript, 1 Blatt","1 postcard, manuscript, 1 leaf",,,,,,,1935-04-02,2. IV. 35,Wien,,,GER,Postkarte,Postcard,violette Tinte,purple ink,Stefan Zweig,"14,6 x 10,5 cm  ",https://d-nb.info/gnd/1047604132,SZ-SAM/B7.57,Wilhelm Meingast,,,,,,,"Salzburg, Kapuzinerberg 5",
"Zweig, Stefan",http://d-nb.info/gnd/118637479,,,"Meingast, Anna",http://d-nb.info/gnd/1080163751,,,"1 Postkarte, Manuskript, 1 Blatt","1 postcard, manuscript, 1 leaf",,,,,,,1935-04-14,14. IV. 35,Linz,,,GER,Postkarte,Postcard,violette Tinte,purple ink,Stefan Zweig,"14,6 x 10,5 cm  ",https://d-nb.info/gnd/1047604132,SZ-SAM/B7.58,Wilhelm Meingast,,,,,,,"Salzburg, Kapuzinerberg 5",
"Zweig, Stefan",http://d-nb.info/gnd/118637479,,,"Meingast, Anna",http://d-nb.info/gnd/1080163751,,,"1 Postkarte, Typoskript, 1 Blatt","1 postcard, typescript, 1 leaf",,,,,,,1935-04-19,19.  IV. 35,Wien,,,GER,Postkarte,Postcard,"schwarzes Farbband, violette Tinte","black ribbon, purple ink",Stefan Zweig,"14,6 x 10,5 cm  ",https://d-nb.info/gnd/1047604132,SZ-SAM/B7.59,Wilhelm Meingast,,,,,,,"Salzburg, Kapuzinerberg 5",
"Zweig, Stefan",http://d-nb.info/gnd/118637479,,,"Meingast, Anna",http://d-nb.info/gnd/1080163751,,,"1 Brief, Typoskript, 1 Blatt","1 letter, typescript, 1 leaf",,,24. April 1935.,24. April 1935.,,,1935-04-24,,Wien,,,GER,Schreibmaschinenpapier,Typewriter paper,"schwarzes Farbband, Bleistift","black ribbon, pencil",Stefan Zweig,"21,2 x 26,8 cm ",https://d-nb.info/gnd/1047604132,SZ-SAM/B7.60,Wilhelm Meingast,,,,,,,,
"Zweig, Stefan",http://d-nb.info/gnd/118637479,,,"Meingast, Anna",http://d-nb.info/gnd/1080163751,,,"1 Brief, Typoskript, 1 Blatt","1 letter, typescript, 1 leaf",,,7. Juni 1935.,7. Juni 1935.,,,1935-06-07,,Zürich,,,GER,Schreibmaschinenpapier,Typewriter paper,"schwarzes Farbband, violette Tinte, Bleistift","black ribbon, purple ink, pencil",Stefan Zweig,"20,9 x 27 cm",https://d-nb.info/gnd/1047604132,SZ-SAM/B7.61,Wilhelm Meingast,,,,,,,,
"Zweig, Stefan",http://d-nb.info/gnd/118637479,,,"Meingast, Anna",http://d-nb.info/gnd/1080163751,,,"1 Brief, Typoskript, 1 Blatt","1 letter, typescript, 1 leaf",,,30. September 1935.,30. September 1935.,,,1935-09-30,,London,,,GER,Schreibmaschinenpapier,Typewriter paper,"schwarzes Farbband, violette Tinte","black ribbon, purple ink",Stefan Zweig,"20,2 x 25,2 cm",https://d-nb.info/gnd/1047604132,SZ-SAM/B7.62,Wilhelm Meingast,,,,,,,,
"Zweig, Stefan",http://d-nb.info/gnd/118637479,,,"Meingast, Anna",http://d-nb.info/gnd/1080163751,,,"1 Brief, Typoskript, 1 Blatt","1 letter, typescript, 1 leaf",,,8. Oktober 1935.,8. Oktober 1935.,,,1935-10-08,,London,,,GER,Schreibmaschinenpapier,Typewriter paper,"schwarzes Farbband, violette Tinte, Bleistift","black ribbon, purple ink, pencil",Stefan Zweig,"20,2 x 25,2 cm",https://d-nb.info/gnd/1047604132,SZ-SAM/B7.63,Wilhelm Meingast,,,,,,,,
"Zweig, Stefan",http://d-nb.info/gnd/118637479,,,"Meingast, Anna",http://d-nb.info/gnd/1080163751,,,"1 Brief, Typoskript, 1 Blatt","1 letter, typescript, 1 leaf",,,17. Oktober 1935.,17. Oktober 1935.,,,1935-10-17,,London,,,GER,Schreibmaschinenpapier,Typewriter paper,"schwarzes Farbband, violette Tinte","black ribbon, purple ink",Stefan Zweig,"17,8 x 22,7 cm",https://d-nb.info/gnd/1047604132,SZ-SAM/B7.64,Wilhelm Meingast,,,,,Die angegebene Beilage ist nicht vorhanden,The specified supplement is not included,,
"Zweig, Stefan",http://d-nb.info/gnd/118637479,,,"Meingast, Anna",http://d-nb.info/gnd/1080163751,,,"1 Brief, Typoskript, 1 Blatt","1 letter, typescript, 1 leaf",,,19. Oktober 1935,19. Oktober 1935,,,1935-10-19,,London,,,GER,Schreibmaschinenpapier,Typewriter paper,"schwarzes Farbband, violette Tinte, blauer Farbstift","black ribbon, purple ink, blue crayon","Stefan Zweig, Friderike Zweig","17,8 x 22,7 cm",https://d-nb.info/gnd/1047604132,SZ-SAM/B7.65,Wilhelm Meingast,,,"Zweig, Friderike",http://d-nb.info/gnd/118637460,,,,
"Zweig, Stefan",http://d-nb.info/gnd/118637479,,,"Meingast, Anna",http://d-nb.info/gnd/1080163751,,,"1 Postkarte, Manuskript, 1 Blatt","1 postcard, manuscript, 1 leaf",,,,,,,1935-12-04,4. Dec 935,London,,,GER,Postkarte,Postcard,violette Tinte,purple ink,Stefan Zweig,"14 x8,9 cm",https://d-nb.info/gnd/1047604132,SZ-SAM/B7.66,Wilhelm Meingast,,,,,,,"Salzburg, Linzergasse 16",
"Zweig, Stefan",http://d-nb.info/gnd/118637479,,,"Meingast, Anna",http://d-nb.info/gnd/1080163751,,,"1 Brief, Typoskript, 1 Blatt","1 letter, typescript, 1 leaf",,,6. 12.35,6. 12.35,,,1935-12-06,,London,,,GER,Schreibmaschinenpapier,Typewriter paper,"violette Tinte, blauer Farbstift","purple ink, blue crayon",Stefan Zweig,"20,2 x 25,4 cm",https://d-nb.info/gnd/1047604132,SZ-SAM/B7.67,Wilhelm Meingast,,,,,,,,
"Zweig, Stefan",http://d-nb.info/gnd/118637479,,,"Meingast, Anna",http://d-nb.info/gnd/1080163751,,,"1 Postkarte, Manuskript, 1 Blatt","1 postcard, manuscript, 1 leaf",,,,,,,1935-12-11,11. DEC 1935,London,,,GER,Postkarte,Postcard,violette Tinte,purple ink,Stefan Zweig,"14 x 8,9 cm",https://d-nb.info/gnd/1047604132,SZ-SAM/B7.68,Wilhelm Meingast,,,,,,,"Salzburg, Linzergasse 16",
"Zweig, Stefan",http://d-nb.info/gnd/118637479,,,"Meingast, Anna",http://d-nb.info/gnd/1080163751,,,"1 Brief, Typoskript, 1 Blatt","1 letter, typescript, 1 leaf",,,7. Januar 1936,7. Januar 1936,,,1936-01-07,,Nizza,,,GER,Schreibmaschinenpapier,Typewriter paper,"schwarzes Farbband, violette Tinte, blauer Farbstift","black ribbon, purple ink, blue crayon",Stefan Zweig,"17,7 x 22,8 cm",https://d-nb.info/gnd/1047604132,SZ-SAM/B7.69,Wilhelm Meingast,,,,,,,,
"Zweig, Stefan",http://d-nb.info/gnd/118637479,,,"Meingast, Anna",http://d-nb.info/gnd/1080163751,,,"1 Brief, Typoskript, 1 Blatt","1 letter, typescript, 1 leaf",,,11. Januar 1936,11. Januar 1936,,,1936-01-11,,Nizza,,,GER,Schreibmaschinenpapier,Typewriter paper,"schwarzes Farbband, violette Tinte, blauschwarze Tinte","black ribbon, purple ink, blue-black ink","Stefan Zweig, Lotte Zweig","20,2 x25,2 cm",https://d-nb.info/gnd/1047604132,SZ-SAM/B7.70,Wilhelm Meingast,,,"Zweig, Lotte",http://d-nb.info/gnd/116001151,Rückseitig Notizen in Gabelsbergerg Kurzschrift,Notes in Gabelsbergerg shorthand on verso,,
"Zweig, Stefan",http://d-nb.info/gnd/118637479,,,"Meingast, Anna",http://d-nb.info/gnd/1080163751,,,"1 Ansichtspostkarte, Manuskript, 1 Blatt","1 picture postcard, manuscript, 1 leaf",,,,,,,1936-02-12,12 II 1936,Paris,,,GER,"Ansichtspostkarte: ""HOTEL LOUVOIS - Square Louvois - PARIS""","Picture postcard: ""HOTEL LOUVOIS - Square Louvois - PARIS""",blaue Tinte,blue ink,Stefan Zweig,,https://d-nb.info/gnd/1047604132,SZ-SAM/B7.71,Wilhelm Meingast,,,,,,,,
"Zweig, Stefan",http://d-nb.info/gnd/118637479,,,"Meingast, Anna",http://d-nb.info/gnd/1080163751,,,"1 Brief, Typoskript, 1 Blatt","1 letter, typescript, 1 leaf",,,18. Februar 1936.,18. Februar 1936.,,,1936-02-18,,London,,,GER,Schreibmaschinenpapier,Typewriter paper,"schwarzes Farbband, Bleistift","black ribbon, pencil",Stefan Zweig,"17,7 x22,8 cm",https://d-nb.info/gnd/1047604132,SZ-SAM/B7.72,Wilhelm Meingast,,,,,,,,
"Zweig, Stefan",http://d-nb.info/gnd/118637479,,,"Meingast, Anna",http://d-nb.info/gnd/1080163751,,,"1 Postkarte, Manuskript, 1 Blatt","1 postcard, manuscript, 1 leaf",,,,,März 1936,March 1936,1936-03,,London,,,GER,Postkarte mit gedruckter Absenderadresse,Postcard with printed return address,violette Tinte,purple ink,Stefan Zweig,,https://d-nb.info/gnd/1047604132,SZ-SAM/B7.73,Wilhelm Meingast,,,,,,,"Salzburg, Kapuzinerberg 5",
"Zweig, Stefan",http://d-nb.info/gnd/118637479,,,"Meingast, Anna",http://d-nb.info/gnd/1080163751,,,"1 Brief, Typoskript, 1 Blatt","1 letter, typescript, 1 leaf",,,31. März 1936.,31. März 1936.,,,1936-03-31,,London,,,GER,Briefpapier Stefan Zweigs,Stefan Zweig stationary,"schwarzes Farbband, violette Tinte","black ribbon, purple ink",Stefan Zweig,"20,2 x 25,2 cm",https://d-nb.info/gnd/1047604132,SZ-SAM/B7.74,Wilhelm Meingast,,,,,,,,
"Zweig, Stefan",http://d-nb.info/gnd/118637479,,,"Meingast, Anna",http://d-nb.info/gnd/1080163751,,,"1 Brief, Typoskript, 2 Blatt","1 letter, typescript, 2 leaves",,,9. April 1936.,9. April 1936.,,,1936-04-09,,London,,,GER,Schreibmaschinenpapier,Typewriter paper,"schwarzes Farbband, blauschwarze Tinte","black ribbon, blue-black ink",Stefan Zweig,"20,2 x 25,4 cm ",https://d-nb.info/gnd/1047604132,SZ-SAM/B7.75,Wilhelm Meingast,,,,,,,,
"Zweig, Stefan",http://d-nb.info/gnd/118637479,,,"Meingast, Anna",http://d-nb.info/gnd/1080163751,,,"1 Brief, Typoskript, 1 Blatt","1 letter, typescript, 1 leaf",,,17. April 1936.,17. April 1936.,,,1936-04-17,,London,,,GER,Schreibmaschinenpapier,Typewriter paper,"schwarzes Farbband, violette Tinte, Bleistift","black ribbon, purple ink, pencil",Stefan Zweig,"20,2 x 25,4 cm",https://d-nb.info/gnd/1047604132,SZ-SAM/B7.76,Wilhelm Meingast,,,,,,,,
"Zweig, Stefan",http://d-nb.info/gnd/118637479,,,"Meingast, Anna",http://d-nb.info/gnd/1080163751,,,"1 Brief, Typoskript, 1 Blatt","1 letter, typescript, 1 leaf",,,23. April 1936.,23. April 1936.,,,1936-04-23,,London,,,GER,Schreibmaschinenpapier,Typewriter paper,"schwarzes Farbband, schwarze Tinte","black ribbon, black ink",Stefan Zweig,"20,2 x 25,4 cm",https://d-nb.info/gnd/1047604132,SZ-SAM/B7.77,Wilhelm Meingast,,,,,,,,
"Zweig, Stefan",http://d-nb.info/gnd/118637479,,,"Meingast, Anna",http://d-nb.info/gnd/1080163751,,,"1 Brief, Typoskript, 1 Blatt","1 letter, typescript, 1 leaf",,,9. Mai 1936.,9. Mai 1936.,,,1936-05-09,,London,,,GER,Schreibmaschinenpapier,Typewriter paper,"schwarzes Farbband, violette Tinte","black ribbon, purple ink",Stefan Zweig,"20,1 x 25,2 cm",https://d-nb.info/gnd/1047604132,SZ-SAM/B7.78,Wilhelm Meingast,,,,,,,,
"Zweig, Stefan",http://d-nb.info/gnd/118637479,,,"Meingast, Anna",http://d-nb.info/gnd/1080163751,,,"1 Brief, Typoskript und Manuskript, 1 Blatt","1 letter, typescript and manuscript, 1 leaf",,,20. Mai 1936.,20. Mai 1936.,,,1936-05-20,,London,,,GER,Schreibmaschinenpapier,Typewriter paper,"schwarzes Farbband, Bleistift","black ribbon, pencil",Stefan Zweig,"20,1 x 25,2 cm",https://d-nb.info/gnd/1047604132,SZ-SAM/B7.79,Wilhelm Meingast,,,,,,,,
"Zweig, Stefan",http://d-nb.info/gnd/118637479,,,"Meingast, Anna",http://d-nb.info/gnd/1080163751,,,"1 Brief, Typoskript, 1 Blatt","1 letter, typescript, 1 leaf",,,6. August 1936.,6. August 1936.,,,1936-08-06,,London,,,GER,Schreibmaschinenpapier,Typewriter paper,"schwarzes Farbband, violette Tinte","black ribbon, purple ink",Stefan Zweig,"20,1 x 25,2 cm",https://d-nb.info/gnd/1047604132,SZ-SAM/B7.80,Wilhelm Meingast,,,,,,,,
"Zweig, Stefan",http://d-nb.info/gnd/118637479,,,"Meingast, Anna",http://d-nb.info/gnd/1080163751,,,"1 Brief, Typoskript, 1 Blatt","1 letter, typescript, 1 leaf",,,17. Oktober 1936.,17. Oktober 1936.,,,1936-10-17,,London,,,GER,Schreibmaschinenpapier,Typewriter paper,"schwarzes Farbband, violette Tinte","black ribbon, purple ink",Stefan Zweig,"20,1 x 25,2 cm",https://d-nb.info/gnd/1047604132,SZ-SAM/B7.81,Wilhelm Meingast,,,,,,,,
"Zweig, Stefan",http://d-nb.info/gnd/118637479,,,"Meingast, Anna",http://d-nb.info/gnd/1080163751,,,"1 Brief, Typoskript, 1 Blatt","1 letter, typescript, 1 leaf",,,28. Oktober 1936.,28. Oktober 1936.,,,1936-10-28,,London,,,GER,Schreibmaschinenpapier,Typewriter paper,"schwarzes Farbband, Bleistift","black ribbon, pencil",Stefan Zweig,"20,1 x 25,2 cm",https://d-nb.info/gnd/1047604132,SZ-SAM/B7.82,Wilhelm Meingast,,,,,,,,
"Zweig, Stefan",http://d-nb.info/gnd/118637479,,,"Meingast, Anna",http://d-nb.info/gnd/1080163751,,,"1 Brief, Typoskript, 1 Blatt","1 letter, typescript, 1 leaf",,,7. November 1936.,7. November 1936.,,,1936-11-07,,London,,,GER,Schreibmaschinenpapier,Typewriter paper,"schwarzes Farbband, violette Tinte","black ribbon, purple ink",Stefan Zweig,"20,1 x 25,2 cm",https://d-nb.info/gnd/1047604132,SZ-SAM/B7.83,Wilhelm Meingast,,,,,,,,
"Zweig, Stefan",http://d-nb.info/gnd/118637479,,,"Meingast, Anna",http://d-nb.info/gnd/1080163751,,,"1 Brief, Typoskript und Manuskript, 1 Blatt","1 letter, typescript and manuscript, 1 leaf",,,16. November 1936.,16. November 1936.,,,1936-11-16,,London,,,GER,Schreibmaschinenpapier,Typewriter paper,"schwarzes Farbband, violette Tinte","black ribbon, purple ink",Stefan Zweig,"20,1 x 25,2 cm",https://d-nb.info/gnd/1047604132,SZ-SAM/B7.84,Wilhelm Meingast,,,,,,,,
"Zweig, Stefan",http://d-nb.info/gnd/118637479,,,"Meingast, Anna",http://d-nb.info/gnd/1080163751,,,"1 Ansichtspostkarte, Manuskript, 1 Blatt","1 picture postcard, manuscript, 1 leaf",,,2. Dez. 36,2. Dez. 36,,,1936-12-02,,London,,,GER,"Ansichtspostkarte: ""Law Courts and Fleet Street, London.""","Picture postcard: ""Law Courts and Fleet Street, London.""",violette Tinte,purple ink,Stefan Zweig,,https://d-nb.info/gnd/1047604132,SZ-SAM/B7.85,Wilhelm Meingast,,,,,,,"Salzburg, Linzergasse 16",
"Zweig, Stefan",http://d-nb.info/gnd/118637479,,,"Meingast, Anna",http://d-nb.info/gnd/1080163751,,,"1 Brief, Typoskript, 1 Blatt","1 letter, typescript, 1 leaf",,,3. Dezember 1936.,3. Dezember 1936.,,,1936-12-03,,London,,,GER,Schreibmaschinenpapier,Typewriter paper,"schwarzes Farbband, violette Tinte","black ribbon, purple ink",Stefan Zweig,"20,1 x 25,2 cm",https://d-nb.info/gnd/1047604132,SZ-SAM/B7.86,Wilhelm Meingast,,,,,,,,
"Zweig, Stefan",http://d-nb.info/gnd/118637479,,,"Meingast, Anna",http://d-nb.info/gnd/1080163751,,,"1 Ansichtspostkarte, Manuskript, 1 Blatt","1 picture postcard, manuscript, 1 leaf",,,12. I. 37,12. I. 37,,,1937-01-12,,Neapel,,,GER,"Ansichtspostkarte: ""Napoli – Panorama""","Picture postcard: ""Napoli – Panorama""",violette Tinte,purple ink,Stefan Zweig,,https://d-nb.info/gnd/1047604132,SZ-SAM/B7.87,Wilhelm Meingast,,,,,,,"Salzburg, Linzergasse 16",
"Zweig, Stefan",http://d-nb.info/gnd/118637479,,,"Meingast, Anna",http://d-nb.info/gnd/1080163751,,,"1 Brief, Typoskript, 1 Blatt","1 letter, typescript, 1 leaf",,,29. I. 1937.,29. I. 1937.,,,1937-01-29,,Neapel,,,GER,Schreibmaschinenpapier,Typewriter paper,"schwarzes Farbband, violette Tinte","black ribbon, purple ink",Stefan Zweig,"20,1 x 25,2 cm",https://d-nb.info/gnd/1047604132,SZ-SAM/B7.88,Wilhelm Meingast,,,,,,,,
"Zweig, Stefan",http://d-nb.info/gnd/118637479,,,"Meingast, Anna",http://d-nb.info/gnd/1080163751,,,"1 Brief, Typoskript und Manuskript, 1 Blatt","1 letter, typescript and manuscript, 1 leaf",,,5. Februar 1937.,5. Februar 1937.,,,1937-02-05,,Neapel,,,GER,Schreibmaschinenpapier,Typewriter paper,"schwarzes Farbband, Bleistift","black ribbon, pencil",Stefan Zweig,"20,1 x 25,2 cm",https://d-nb.info/gnd/1047604132,SZ-SAM/B7.89,Wilhelm Meingast,,,,,,,,
"Zweig, Stefan",http://d-nb.info/gnd/118637479,,,"Meingast, Anna",http://d-nb.info/gnd/1080163751,,,"1 Brief, Typoskript, 1 Blatt","1 letter, typescript, 1 leaf",,,15. Februar 1937.,15. Februar 1937.,,,1937-02-15,,,Mailand,,GER,Briefpapier Stefan Zweigs,Stefan Zweig stationary,"schwarzes Farbband, violette Tinte","black ribbon, purple ink",Stefan Zweig,"17,7 x 22,7 cm",https://d-nb.info/gnd/1047604132,SZ-SAM/B7.90,Wilhelm Meingast,,,,,,,,
"Zweig, Stefan",http://d-nb.info/gnd/118637479,,,"Meingast, Anna",http://d-nb.info/gnd/1080163751,,,"1 Brief, Typoskript, 1 Blatt","1 letter, typescript, 1 leaf",,,19. Februar 1937.,19. Februar 1937.,,,1937-02-19,,London,,,GER,Schreibmaschinenpapier,Typewriter paper,"schwarzes Farbband, Bleistift","black ribbon, pencil",Stefan Zweig,"17,7 x 22,7 cm",https://d-nb.info/gnd/1047604132,SZ-SAM/B7.91,Wilhelm Meingast,,,,,,,,
"Zweig, Stefan",http://d-nb.info/gnd/118637479,,,"Meingast, Anna",http://d-nb.info/gnd/1080163751,,,"1 Brief, Typoskript, 1 Blatt","1 letter, typescript, 1 leaf",,,26. Februar 1937.,26. Februar 1937.,,,1937-02-26,,London,,,GER,Schreibmaschinenpapier,Typewriter paper,"schwarzes Farbband, violette Tinte","black ribbon, purple ink",Stefan Zweig,"20,1 x 25,2 cm",https://d-nb.info/gnd/1047604132,SZ-SAM/B7.92,Wilhelm Meingast,,,,,,,,
"Zweig, Stefan",http://d-nb.info/gnd/118637479,,,"Meingast, Anna",http://d-nb.info/gnd/1080163751,,,"1 Brief, Typoskript, 1 Blatt","1 letter, typescript, 1 leaf",,,5. März 1937.,5. März 1937.,,,1937-03-05,,London,,,GER,Schreibmaschinenpapier,Typewriter paper,"schwarzes Farbband, Bleistift","black ribbon, pencil",Stefan Zweig,"17,7 x 22,7 cm",https://d-nb.info/gnd/1047604132,SZ-SAM/B7.93,Wilhelm Meingast,,,,,Die angegebene Beilage ist nicht vorhanden,The specified supplement is not included,,
"Zweig, Stefan",http://d-nb.info/gnd/118637479,,,"Meingast, Anna",http://d-nb.info/gnd/1080163751,,,"1 Brief, Typoskript, 1 Blatt","1 letter, typescript, 1 leaf",,,17. März 1937.,17. März 1937.,,,1937-03-17,,London,,,GER,Schreibmaschinenpapier,Typewriter paper,"schwarzes Farbband, violette Tinte","black ribbon, purple ink",Stefan Zweig,"17,7 x 22,7 cm",https://d-nb.info/gnd/1047604132,SZ-SAM/B7.94,Wilhelm Meingast,,,,,,,,
"Zweig, Stefan",http://d-nb.info/gnd/118637479,,,"Meingast, Anna",http://d-nb.info/gnd/1080163751,,,"1 Postkarte, Manuskript, 1 Blatt","1 postcard, manuscript, 1 leaf",,,,,,,1937-04-12,12 APR 1937,London,,,GER,Postkarte mit gedruckter Absenderadresse,Postcard with printed return address,"violette Tinte, rote Tinte","purple ink, red ink",Stefan Zweig,,https://d-nb.info/gnd/1047604132,SZ-SAM/B7.95,Wilhelm Meingast,,,,,,,"Salzburg, Kapuzinerberg 5",
"Zweig, Stefan",http://d-nb.info/gnd/118637479,,,"Meingast, Anna",http://d-nb.info/gnd/1080163751,,,"1 Brief, Typoskript und Manuskript, 2 Blatt","1 letter, typescript and manuscript, 2 leaves",,,27. April 1937.,27. April 1937.,,,1937-04-27,,London,,,GER,Schreibmaschinenpapier,Typewriter paper,"schwarzes Farbband, violette Tinte, roter Farbstift","black ribbon, purple ink, red crayon",Stefan Zweig,"20,1 x 25,2 cm",https://d-nb.info/gnd/1047604132,SZ-SAM/B7.96,Wilhelm Meingast,,,,,Die angegebene Beilage ist nicht vorhanden,The specified supplement is not included,,
"Zweig, Stefan",http://d-nb.info/gnd/118637479,,,"Meingast, Anna",http://d-nb.info/gnd/1080163751,,,"1 Postkarte, Manuskript, 1 Blatt","1 postcard, manuscript, 1 leaf",,,2. IX. 37,2. IX. 37,,,1937-09-02,,Küsnacht,,,GER,Postkarte,Postcard,violette Tinte,purple ink,Stefan Zweig,,https://d-nb.info/gnd/1047604132,SZ-SAM/B7.97,Wilhelm Meingast,,,,,,,,
"Zweig, Stefan",http://d-nb.info/gnd/118637479,,,"Meingast, Anna",http://d-nb.info/gnd/1080163751,,,"1 Brief, Typoskript und Manuskript, 1 Blatt","1 letter, typescript and manuscript, 1 leaf",,,12. September 1937.,12. September 1937.,,,1937-09-12,,Lugano,,,GER,Schreibmaschinenpapier,Typewriter paper,"schwarzes Farbband, violette Tinte, blauschwarze Tinte","black ribbon, purple ink, blue-black ink",Stefan Zweig,"20,2 x 26,6 cm",https://d-nb.info/gnd/1047604132,SZ-SAM/B7.98,Wilhelm Meingast,,,,,Rückseitig Notizen in Gabelsbergerg Kurzschrift,Notes in Gabelsbergerg shorthand on verso,,
"Zweig, Stefan",http://d-nb.info/gnd/118637479,,,"Meingast, Anna",http://d-nb.info/gnd/1080163751,,,"1 Postkarte, Manuskript, 1 Blatt","1 postcard, manuscript, 1 leaf",,,,,,,1937-10-19,19 OCT 1937,London,,,GER,Postkarte,Postcard,violette Tinte,purple ink,Stefan Zweig,14 x 9 cm,https://d-nb.info/gnd/1047604132,SZ-SAM/B7.99,Wilhelm Meingast,,,,,,,"Salzburg, Linzergasse 16",
"Zweig, Stefan",http://d-nb.info/gnd/118637479,,,"Meingast, Anna",http://d-nb.info/gnd/1080163751,,,"1 Postkarte, Typoskript, 1 Blatt","1 postcard, typescript, 1 leaf",,,25. Oktober 1937.,25. Oktober 1937.,,,1937-10-25,,London,,,GER,Postkarte,Postcard,"schwarzes Farbband, violette Tinte","black ribbon, purple ink",Stefan Zweig,14  x 9 cm,https://d-nb.info/gnd/1047604132,SZ-SAM/B7.100,Wilhelm Meingast,,,,,,,"Salzburg, Linzergasse 16",
"Zweig, Stefan",http://d-nb.info/gnd/118637479,,,"Meingast, Anna",http://d-nb.info/gnd/1080163751,,,"1 Brief, Typoskript, 1 Blatt","1 letter, typescript, 1 leaf",,,10. Januar 1938.,10. Januar 1938.,,,1938-01-10,,London,,,GER,Briefpapier Stefan Zweigs,Stefan Zweig stationary,"schwarzes Farbband, violette Tinte","black ribbon, purple ink",Stefan Zweig,"17,8 x 22,7 cm",https://d-nb.info/gnd/1047604132,SZ-SAM/B7.101,Wilhelm Meingast,,,,,,,,
"Zweig, Stefan",http://d-nb.info/gnd/118637479,,,"Meingast, Anna",http://d-nb.info/gnd/1080163751,,,"1 Brief, Typoskript, 1 Blatt","1 letter, typescript, 1 leaf",,,9. Mai 1938.,9. Mai 1938.,,,1938-05-09,,London,,,GER,Schreibmaschinenpapier,Typewriter paper,"schwarzes Farbband, violette Tinte","black ribbon, purple ink",Stefan Zweig,"17,8 x 22,7 cm",https://d-nb.info/gnd/1047604132,SZ-SAM/B7.102,Wilhelm Meingast,,,,,,,,
"Zweig, Stefan",http://d-nb.info/gnd/118637479,,,"Meingast, Anna",http://d-nb.info/gnd/1080163751,,,"1 Brief, Typoskript, 1 Blatt","1 letter, typescript, 1 leaf",,,2. Juni 1938.,2. Juni 1938.,,,1938-06-02,,,London,,GER,Schreibmaschinenpapier,Typewriter paper,"schwarzes Farbband, violette Tinte","black ribbon, purple ink",Stefan Zweig,"20,3 x 25,5 cm",https://d-nb.info/gnd/1047604132,SZ-SAM/B7.103,Wilhelm Meingast,,,,,,,,
"Zweig, Stefan",http://d-nb.info/gnd/118637479,,,"Meingast, Anna",http://d-nb.info/gnd/1080163751,,,"1 Brief, Typoskript, 1 Blatt","1 letter, typescript, 1 leaf",,,6. Juli 1938.,6. Juli 1938.,,,1938-07-06,,,London,,GER,Schreibmaschinenpapier,Typewriter paper,"schwarzes Farbband, violette Tinte","black ribbon, purple ink",Stefan Zweig,"20,3 x 25,5 cm",https://d-nb.info/gnd/1047604132,SZ-SAM/B7.104,Wilhelm Meingast,,,,,,,,
"Zweig, Stefan",http://d-nb.info/gnd/118637479,,,"Meingast, Anna",http://d-nb.info/gnd/1080163751,,,"1 Brief, Typoskript, 1 Blatt","1 letter, typescript, 1 leaf",,,15. August 1938.,15. August 1938.,,,1938-08-15,,,London,,GER,Schreibmaschinenpapier,Typewriter paper,"schwarzes Farbband, violette Tinte","black ribbon, purple ink",Stefan Zweig,"17,9 x 23 cm",https://d-nb.info/gnd/1047604132,SZ-SAM/B7.105,Wilhelm Meingast,,,,,,,,
"Zweig, Stefan",http://d-nb.info/gnd/118637479,,,"Meingast, Anna",http://d-nb.info/gnd/1080163751,,,"1 Ansichtspostkarte, Manuskript, 1 Blatt","1 picture postcard, manuscript, 1 leaf",,,,,,,1939-02-08,FEB 8. 1939,San Francisco,,,GER,"Ansichtspostkarte: ""THE GOLDEN GATE BRIDGE SPANNING THE ENTRANCE TO SAN FRANCISCO BAY | SAN FRANCISCO TO MARIN SHORE, CALIF.""","Picture postcard: ""THE GOLDEN GATE BRIDGE SPANNING THE ENTRANCE TO SAN FRANCISCO BAY | SAN FRANCISCO TO MARIN SHORE, CALIF.""",violette Tinte,purple ink,Stefan Zweig,,https://d-nb.info/gnd/1047604132,SZ-SAM/B7.106,Wilhelm Meingast,,,,,,,"Salzburg, Linzergasse 16",
"Zweig, Stefan",http://d-nb.info/gnd/118637479,,,"Strauss, Richard",http://d-nb.info/gnd/11861911X,,,"1 Postkarte, Manuskript, 1 Blatt","1 postcard, manuscript, 1 leaf",,,,,Dezember 1932,December 1932,1932-12,,Salzburg,,,GER,Postkarte,Postcard,violette Tinte,purple ink,Stefan Zweig,"14,7 x 10,6 cm",https://d-nb.info/gnd/1047604132,SZ-SAM/B8,Wilhelm Meingast,,,,,"Undatiert und ohne Poststempel, vermutlich nicht abgeschickt","Undated and without postmark, probably not posted","Garmisch-Partenkirchen, Zoeppritzstraße 42",
"Zweig, Stefan",http://d-nb.info/gnd/118637479,,,"Wolf, Hugo",https://d-nb.info/gnd/117759996,,,"1 Postkarte, Manuskript, 1 Blatt","1 postcard, manuscript, 1 leaf",,,,,,,1919-02-14,14. II. 19,Rüschlikon,,,GER,Postkarte,Postcard,violette Tinte,purple ink,Stefan Zweig,"13,9 x 9 cm",https://d-nb.info/gnd/1047604132,SZ-SAM/B9,Wilhelm Meingast,,,,,Wolf wohnte während Zweigs Abwesenheit vorübergehend in dessen Wiener Wohnung,Wolf lived temporarily in Zweig's flat in Vienna during his absence,"Wien, Kochgasse 8",
"Zweig, Lotte",http://d-nb.info/gnd/116001151,,,"Meingast, Anna",http://d-nb.info/gnd/1080163751,,,"1 Brief, Typoskript, 1 Blatt","1 letter, typescript, 1 leaf",,,6. Juli 1936.,6. Juli 1936.,,,1936-07-06,,Ostende,,,GER,Schreibmaschinenpapier,Typewriter paper,"schwarzes Farbband, blauschwarze Tinte","black ribbon, blue-black ink",Lotte Zweig,"17,7 x 22,7 cm",https://d-nb.info/gnd/1047604132,SZ-SAM/B10.1,Wilhelm Meingast,,,,,,,,
"Zweig, Lotte",http://d-nb.info/gnd/116001151,,,"Meingast, Anna",http://d-nb.info/gnd/1080163751,,,"1 Brief, Typoskript, 1 Blatt","1 letter, typescript, 1 leaf",,,10. Juli 1936.,10. Juli 1936.,,,1936-07-10,,Ostende,,,GER,Schreibmaschinenpapier,Typewriter paper,"schwarzes Farbband, blauschwarze Tinte","black ribbon, blue-black ink",Lotte Zweig,"20,1 x 25,3 cm",https://d-nb.info/gnd/1047604132,SZ-SAM/B10.2,Wilhelm Meingast,,,,,Die angegebenen Beilagen sind nicht vorhanden,The specified supplements are not included,,
"Zweig, Lotte",http://d-nb.info/gnd/116001151,,,"Meingast, Anna",http://d-nb.info/gnd/1080163751,,,"1 Brief, Typoskript, 1 Blatt","1 letter, typescript, 1 leaf",,,28. Februar 1937.,28. Februar 1937.,,,1937-02-28,,London,,,GER,Schreibmaschinenpapier,Typewriter paper,"schwarzes Farbband, blauschwarze Tinte","black ribbon, blue-black ink",Lotte Zweig,"20,1 x 25,3 cm",https://d-nb.info/gnd/1047604132,SZ-SAM/B10.3,Wilhelm Meingast,,,,,Die angegebenen Beilagen sind nicht vorhanden,The specified supplements are not included,,
"Meingast, Anna",http://d-nb.info/gnd/1080163751,,,"Zweig, Lotte",http://d-nb.info/gnd/116001151,,,"1 Brief, Typoskriptdurchschlag, 1 Blatt","1 letter, typescript carbon copy, 1 leaf",,,5. März 1937.,5. März 1937.,,,1937-03-05,,Salzburg,,,GER,Schreibmaschinenpapier,Typewriter paper,"schwarzes Durchschlagpapier, schwarze Tinte","black carbon paper, black ink",Anna Meingast,"21,1 x 26,9 cm",https://d-nb.info/gnd/1047604132,SZ-SAM/B10.4,Wilhelm Meingast,,,,,,,,
"Zweig, Lotte",http://d-nb.info/gnd/116001151,,,"Meingast, Anna",http://d-nb.info/gnd/1080163751,,,"1 Brief, Typoskript, 1 Blatt","1 letter, typescript, 1 leaf",,,10. März 1937.,10. März 1937.,,,1937-03-10,,London,,,GER,Schreibmaschinenpapier,Typewriter paper,"schwarzes Farbband, blauschwarze Tinte, Bleistift","black ribbon, blue-black ink, pencil","Lotte Zweig, Stefan Zweig","17,7 x 22,7 cm",https://d-nb.info/gnd/1047604132,SZ-SAM/B10.5,Wilhelm Meingast,,,"Zweig, Stefan",http://d-nb.info/gnd/118637479,,,,
"Zweig, Lotte",http://d-nb.info/gnd/116001151,,,"Meingast, Anna",http://d-nb.info/gnd/1080163751,,,"1 Brief, Typoskript, 1 Blatt","1 letter, typescript, 1 leaf",,,5. April 1937.,5. April 1937.,,,1937-04-05,,London,,,GER,Schreibmaschinenpapier,Typewriter paper,"schwarzes Farbband, violette Tinte","black ribbon, purple ink",Lotte Zweig,"17,8 x 22,8 cm",https://d-nb.info/gnd/1047604132,SZ-SAM/B10.6,Wilhelm Meingast,,,,,,,,
"Zweig, Lotte",http://d-nb.info/gnd/116001151,,,"Meingast, Anna",http://d-nb.info/gnd/1080163751,,,"1 Postkarte, Typoskript, 1 Blatt","1 postcard, typescript, 1 leaf",,,,,,,1937-04-09,9. APR 1937,London,,,GER,Postkarte,Postcard,"schwarzes Farbband, blauschwarze Tinte","black ribbon, blue-black ink",Lotte Zweig,"14 x 8,9 cm",https://d-nb.info/gnd/1047604132,SZ-SAM/B10.7,Wilhelm Meingast,,,,,,,"Salzburg, Kapuzinerberg 5",
"Zweig, Lotte",http://d-nb.info/gnd/116001151,,,"Meingast, Anna",http://d-nb.info/gnd/1080163751,,,"1 Brief, Typoskript, 1 Blatt","1 letter, typescript, 1 leaf",,,28. Mai 1937.,28. Mai 1937.,,,1937-05-28,,London,,,GER,Schreibmaschinenpapier,Typewriter paper,"schwarzes Farbband, blauschwarze Tinte","black ribbon, blue-black ink",Lotte Zweig,"20,1 x 25,3 cm",https://d-nb.info/gnd/1047604132,SZ-SAM/B10.8,Wilhelm Meingast,,,,,,,,
"Zweig, Lotte",http://d-nb.info/gnd/116001151,,,"Meingast, Anna",http://d-nb.info/gnd/1080163751,,,"1 Brief, Typoskript, 1 Blatt","1 letter, typescript, 1 leaf",,,3. Juli 1937.,3. Juli 1937.,,,1937-07-03,,London,,,GER,Schreibmaschinenpapier,Typewriter paper,"schwarzes Farbband, blauschwarze Tinte, violette Tinte","black ribbon, blue-black ink, purple ink","Lotte Zweig, Stefan Zweig","17,8 x 22,9 cm",https://d-nb.info/gnd/1047604132,SZ-SAM/B10.9,Wilhelm Meingast,,,"Zweig, Stefan",http://d-nb.info/gnd/118637479,,,,
"Zweig, Lotte",http://d-nb.info/gnd/116001151,,,"Meingast, Anna",http://d-nb.info/gnd/1080163751,,,"1 Brief, Typoskript, 1 Blatt","1 letter, typescript, 1 leaf",,,2. Oktober 1937.,2. Oktober 1937.,,,1937-10-02,,London,,,GER,Schreibmaschinenpapier,Typewriter paper,"schwarzes Farbband, blaue Tinte, Bleistift","black ribbon, blue ink, pencil","Lotte Zweig, Stefan Zweig","20,2 x 25,3 cm",https://d-nb.info/gnd/1047604132,SZ-SAM/B10.10,Wilhelm Meingast,,,"Zweig, Stefan",http://d-nb.info/gnd/118637479,,,,
"Zweig, Lotte",http://d-nb.info/gnd/116001151,,,"Meingast, Anna",http://d-nb.info/gnd/1080163751,,,"1 Brief, Typoskript, 1 Blatt","1 letter, typescript, 1 leaf",,,7.Oktober 1937.,7.Oktober 1937.,,,1937-10-07,,London,,,GER,Schreibmaschinenpapier,Typewriter paper,"schwarzes Farbband, schwarze Tinte","black ribbon, black ink",Lotte Zweig,"20,2 x 25,3 cm",https://d-nb.info/gnd/1047604132,SZ-SAM/B10.11,Wilhelm Meingast,,,,,,,,
"Zweig, Lotte",http://d-nb.info/gnd/116001151,,,"Meingast, Anna",http://d-nb.info/gnd/1080163751,,,"1 Brief, Typoskript, 1 Blatt","1 letter, typescript, 1 leaf",,,26. Oktober 1937.,26. Oktober 1937.,,,1937-10-26,,London,,,GER,Schreibmaschinenpapier,Typewriter paper,"schwarzes Farbband, violette Tinte","black ribbon, purple ink",Lotte Zweig,"20,2 x 25,3 cm",https://d-nb.info/gnd/1047604132,SZ-SAM/B10.12,Wilhelm Meingast,,,,,,,,
"Zweig, Lotte",http://d-nb.info/gnd/116001151,,,"Meingast, Anna",http://d-nb.info/gnd/1080163751,,,"1 Brief, Typoskript, 1 Blatt","1 letter, typescript, 1 leaf",,,3. Dezember 1937.,3. Dezember 1937.,,,1937-12-03,,London,,,GER,Schreibmaschinenpapier,Typewriter paper,"schwarzes Farbband, blauschwarze Tinte, violette Tinte","black ribbon, blue-black ink, purple ink","Lotte Zweig, Stefan Zweig","20,2 x 25,3 cm",https://d-nb.info/gnd/1047604132,SZ-SAM/B10.13,Wilhelm Meingast,,,"Zweig, Stefan",http://d-nb.info/gnd/118637479,,,,
"Zweig, Lotte",http://d-nb.info/gnd/116001151,,,"Meingast, Anna",http://d-nb.info/gnd/1080163751,,,"1 Brief, Typoskript, 1 Blatt","1 letter, typescript, 1 leaf",,,10. Januar 1938.,10. Januar 1938.,,,1938-01-10,,London,,,GER,Schreibmaschinenpapier,Typewriter paper,"schwarzes Farbband, violette Tinte, Bleistift","black ribbon, purple ink, pencil",Lotte Zweig,"17,9 x 22,9 cm",https://d-nb.info/gnd/1047604132,SZ-SAM/B10.14,Wilhelm Meingast,,,,,Die angegebenen Beilagen sind nicht vorhanden,The specified supplements are not included,,
"Meingast, Anna",http://d-nb.info/gnd/1080163751,,,"Zweig, Lotte",http://d-nb.info/gnd/116001151,,,"1 Brief, Typoskriptdurchschlag, 1 Blatt","1 letter, typescript carbon copy, 1 leaf",,,7. Februar 1938.,7. Februar 1938.,,,1938-02-07,,Salzburg,,,GER,Briefpapier Stefan Zweigs,Stefan Zweig stationary,violettes Durchschlagpapier,purple carbon paper,Anna Meingast,"22,8 x 14,5 cm",https://d-nb.info/gnd/1047604132,SZ-SAM/B10.15,Wilhelm Meingast,,,,,,,,
"Meingast, Anna",http://d-nb.info/gnd/1080163751,,,"Zweig, Lotte",http://d-nb.info/gnd/116001151,,,"1 Brief, Typoskriptdurchschlag, 1 Blatt","1 letter, typescript carbon copy, 1 leaf",,,15. Februar 1938.,15. Februar 1938.,,,1938-02-15,,Salzburg,,,GER,Briefpapier Stefan Zweigs,Stefan Zweig stationary,violettes Durchschlagpapier,purple carbon paper,Anna Meingast,"22,8 x 14,5 cm",https://d-nb.info/gnd/1047604132,SZ-SAM/B10.16,Wilhelm Meingast,,,,,,,,
"Zweig, Lotte",http://d-nb.info/gnd/116001151,,,"Meingast, Anna",http://d-nb.info/gnd/1080163751,,,"1 Postkarte, Typoskript, 1 Blatt","1 letter, typescript, 1 leaf",,,23. Februar 1938.,23. Februar 1938.,,,1938-02-23,,London,,,GER,Postkarte,Postcard,"schwarzes Farbband, blaue Tinte","black ribbon, blue ink",Lotte Zweig,"14,1 x 8,9 cm",https://d-nb.info/gnd/1047604132,SZ-SAM/B10.17,Wilhelm Meingast,,,,,,,"Salzburg, Linzergasse 16",
"Zweig, Lotte",http://d-nb.info/gnd/116001151,,,"Meingast, Anna",http://d-nb.info/gnd/1080163751,,,"1 Brief, Typoskript und Manuskript, 1 Blatt","1 letter, typescript and manuscript, 1 leaf",,,5. März 1938.,5. März 1938.,,,1938-03-05,,London,,,GER,Schreibmaschinenpapier,Typewriter paper,"schwarzes Farbband, blauschwarze Tinte, violette Tinte","black ribbon, blue-black ink, purple ink","Lotte Zweig, Stefan Zweig","20,1 x 25,3 cm  ",https://d-nb.info/gnd/1047604132,SZ-SAM/B10.18,Wilhelm Meingast,,,"Zweig, Stefan",http://d-nb.info/gnd/118637479,Die angegebenen Beilagen sind nicht vorhanden,The specified supplements are not included,,
"Zweig, Lotte",http://d-nb.info/gnd/116001151,,,"Meingast, Anna",http://d-nb.info/gnd/1080163751,,,"1 Brief, Manuskript, 1 Blatt","1 letter, manuscript, 1 leaf",,,16. III. 38,16. III. 38,,,1938-03-16,,London,,,GER,Schreibpapier,Writing paper,schwarze Tinte,black ink,Lotte Zweig,"17,9 x 22,8 cm",https://d-nb.info/gnd/1047604132,SZ-SAM/B10.19,Wilhelm Meingast,,,,,,,,
"Zweig, Friderike",http://d-nb.info/gnd/118637460,,,"Meingast, Anna",http://d-nb.info/gnd/1080163751,,,"1 Ansichtspostkarte, Manuskript, 1 Blatt","1 picture postcard, manuscript, 1 leaf",,,,,,,1927-11-27,28. IX. 27.,Nyon,,,GER,"Ansichtspostkarte: ""Château de Nyon et le Mont-Blanc""","Picture postcard: ""Château de Nyon et le Mont-Blanc""",schwarze Tinte,black ink,Friderike Zweig,,https://d-nb.info/gnd/1047604132,SZ-SAM/B11.1,Wilhelm Meingast,,,,,,,"Salzburg, Linzergasse 16",
"Zweig, Friderike",http://d-nb.info/gnd/118637460,,,"Meingast, Anna",http://d-nb.info/gnd/1080163751,,,"1 Ansichtspostkarte, Manuskript, 1 Blatt","1 picture postcard, manuscript, 1 leaf",,,,,,,1930-01-20,20. I. 30,Neapel,,,GER,"Ansichtspostkarte: ""POMPEI. - Foro civile.""","Picture postcard: ""POMPEI. - Foro civile.""","violette Tinte, blaue Tinte","purple ink, blue ink","Friderike Zweig, Stefan Zweig",,https://d-nb.info/gnd/1047604132,SZ-SAM/B11.2,Wilhelm Meingast,,,"Zweig, Stefan",http://d-nb.info/gnd/118637479,,,"Salzburg, Linzergasse 16",
"Zweig, Friderike",http://d-nb.info/gnd/118637460,,,"Meingast, Anna",http://d-nb.info/gnd/1080163751,,,"1 Postkarte, Manuskript, 1 Blatt","1 postcard, manuscript, 1 leaf",,,,,,,1930-11-20,20. Nov. 1930,London,,,GER,Postkarte,Postcard,blaue Tinte,blue ink,Friderike Zweig,,https://d-nb.info/gnd/1047604132,SZ-SAM/B11.3,Wilhelm Meingast,,,,,,,"Salzburg, Kapuzinerberg 5",
"Zweig, Friderike",http://d-nb.info/gnd/118637460,,,"Meingast, Anna",http://d-nb.info/gnd/1080163751,,,"1 Ansichtspostkarte, Manuskript, 1 Blatt","1 picture postcard, manuscript, 1 leaf",,,25. X. 34,25. X. 34,,,1934-10-25,,Wien,,,GER,"Ansichtspostkarte: ""Wien, Panorama mit Hochhaus""","Picture postcard: ""Wien, Panorama mit Hochhaus""",Bleistift,pencil,Friderike Zweig,,https://d-nb.info/gnd/1047604132,SZ-SAM/B11.4,Wilhelm Meingast,,,,,,,"Salzburg, Kapuzinerberg 5",
"Zweig, Friderike",http://d-nb.info/gnd/118637460,,,"Meingast, Anna",http://d-nb.info/gnd/1080163751,,,"1 Ansichtspostkarte, Manuskript, 1 Blatt","1 picture postcard, manuscript, 1 leaf",,,,,,,1934-12-03,3 12 34,Paris,,,GER,"Ansichtspostkarte: ""PARIS. - Panorama du Carrousel et l'Arc de Triomphe.""","Picture postcard: ""PARIS. - Panorama du Carrousel et l'Arc de Triomphe.""",blaue Tinte,blue ink,Friderike Zweig,,https://d-nb.info/gnd/1047604132,SZ-SAM/B11.5,Wilhelm Meingast,,,,,,,"Salzburg, Kapuzinerberg 5",
"Zweig, Friderike",http://d-nb.info/gnd/118637460,,,"Meingast, Anna",http://d-nb.info/gnd/1080163751,,,"1 Postkarte, Manuskript, 1 Blatt","1 postcard, manuscript, 1 leaf",,,,,,,1934-12-27,29 XII 34,Nizza,,,GER,Postkarte,Postcard,blaue Tinte,blue ink,Friderike Zweig,,https://d-nb.info/gnd/1047604132,SZ-SAM/B11.6,Wilhelm Meingast,,,,,,,"Salzburg, Kapuzinerberg 5",
"Zweig, Friderike",http://d-nb.info/gnd/118637460,,,"Meingast, Anna",http://d-nb.info/gnd/1080163751,,,"1 Brief, Manuskript, 1 Blatt","1 letter, manuscript, 1 leaf",,,4. April 35,4. April 35,,,1935-04-04,,,,,GER,Schreibpapier,Writing paper,schwarze Tinte,black ink,Friderike Zweig,,https://d-nb.info/gnd/1047604132,SZ-SAM/B11.7,Wilhelm Meingast,,,,,,,,
"Zweig, Friderike",http://d-nb.info/gnd/118637460,,,"Meingast, Anna",http://d-nb.info/gnd/1080163751,,,"1 Postkarte, Manuskript, 1 Blatt","1 postcard, manuscript, 1 leaf",,,,,,,1935-09-03,3. IX. 35,Salzburg,,,GER,Postkarte mit gedruckter Absenderadresse,Postcard with printed return address,violette Tinte,purple ink,Friderike Zweig,,https://d-nb.info/gnd/1047604132,SZ-SAM/B11.8,Wilhelm Meingast,,,,,,,"Wien, Hotel Regina, Dollfussplatz",
"Zweig, Friderike",http://d-nb.info/gnd/118637460,,,"Meingast, Anna",http://d-nb.info/gnd/1080163751,,,"1 Brief, Manuskript, 1 Blatt","1 letter, manuscript, 1 leaf",,,,,Januar 1936,January 1936,1936-01,,Nizza,,,GER,Briefpapier Hôtel Westminster,Hôtel Westminster stationary,schwarze Tinte,black ink,Friderike Zweig,,https://d-nb.info/gnd/1047604132,SZ-SAM/B11.9,Wilhelm Meingast,,,,,Die angegebenen Beilagen sind nicht vorhanden,The specified supplements are not included,,
"Zweig, Friderike",http://d-nb.info/gnd/118637460,,,"Meingast, Anna",http://d-nb.info/gnd/1080163751,,,"1 Brief, Manuskript, 1 Blatt","1 letter, manuscript, 1 leaf",,,15 / I  36,15 / I  36,,,1936-01-15,,Avignon,,,GER,Briefpapier Hotel d'Europe,Hotel d'Europe stationary,schwarze Tinte,black ink,Friderike Zweig,,https://d-nb.info/gnd/1047604132,SZ-SAM/B11.10,Wilhelm Meingast,,,,,,,,
"Zweig, Friderike",http://d-nb.info/gnd/118637460,,,"Meingast, Anna",http://d-nb.info/gnd/1080163751,,,"1 Postkarte, Manuskript, 1 Blatt","1 postcard, manuscript, 1 leaf",,,,,,,1936-02,[?] FEB 1936,London,,,GER,Postkarte,Postcard,schwarze Tinte,black ink,Friderike Zweig,,https://d-nb.info/gnd/1047604132,SZ-SAM/B11.11,Wilhelm Meingast,,,,,,,"Salzburg, Linzergasse 16",
"Zweig, Friderike",http://d-nb.info/gnd/118637460,,,"Meingast, Anna",http://d-nb.info/gnd/1080163751,,,"1 Postkarte, Manuskript, 1 Blatt","1 postcard, manuscript, 1 leaf",,,,,,,1937-05-31,31. V. 37,Salzburg,,,GER,Postkarte,Postcard,schwarze Tinte,black ink,Friderike Zweig,,https://d-nb.info/gnd/1047604132,SZ-SAM/B11.12,Wilhelm Meingast,,,,,,,"Salzburg, Linzergasse 16",
"Zweig, Friderike",http://d-nb.info/gnd/118637460,,,"Meingast, Anna",http://d-nb.info/gnd/1080163751,,,"1 Ansichtspostkarte, Manuskript, 1 Blatt","1 picture postcard, manuscript, 1 leaf",,,,,,,1937-12-23,23. XII .37,Salzburg,,,GER,"Ansichtspostkarte: ""Fröhliche Weihnachten!""","Picture postcard: ""Fröhliche Weihnachten!""",Bleistift,pencil,Friderike Zweig,,https://d-nb.info/gnd/1047604132,SZ-SAM/B11.13,Wilhelm Meingast,,,,,,,"Salzburg, Linzergasse 16",
"Zweig, Friderike",http://d-nb.info/gnd/118637460,,,"Meingast, Anna",http://d-nb.info/gnd/1080163751,,,"1 Postkarte, Manuskript, 1 Blatt","1 postcard, manuscript, 1 leaf",,,,,,,1938-01-24,24 JANV 38,Neuilly-sur-Seine,,,GER,Postkarte,Postcard,blauschwarze Tinte,blue-black ink,Friderike Zweig,,https://d-nb.info/gnd/1047604132,SZ-SAM/B11.14,Wilhelm Meingast,,,,,,,"Salzburg, Linzergasse 16",
"Zweig, Friderike",http://d-nb.info/gnd/118637460,,,"Meingast, Anna",http://d-nb.info/gnd/1080163751,,,"1 Postkarte, Manuskript, 1 Blatt","1 postcard, manuscript, 1 leaf",,,,,,,1938-02-08,8 II 1938,Paris,,,GER,Postkarte,Postcard,blaue Tinte,blue ink,Friderike Zweig,,https://d-nb.info/gnd/1047604132,SZ-SAM/B11.15,Wilhelm Meingast,,,,,,,"Salzburg, Linzergasse 16",
"Zweig, Friderike",http://d-nb.info/gnd/118637460,,,"Meingast, Anna",http://d-nb.info/gnd/1080163751,,,"1 Brief, Manuskript, 1 Blatt","1 letter, manuscript, 1 leaf",,,,,,,,,,,,GER,Schreibpapier,Writing paper,blaue Tinte,blue ink,Friderike Zweig,"17,9 x 26,8 cm",https://d-nb.info/gnd/1047604132,SZ-SAM/B11.16,Wilhelm Meingast,,,,,,,,
"Zweig, Friderike",http://d-nb.info/gnd/118637460,,,"Meingast, Anna",http://d-nb.info/gnd/1080163751,,,"1 Brief, Manuskript, 1 Blatt","1 letter, manuscript, 1 leaf",,,,,,,,,,,,GER,Schreibpapier,Writing paper,blaue Tinte,blue ink,Friderike Zweig,"13,4 x21,4 cm",https://d-nb.info/gnd/1047604132,SZ-SAM/B11.17,Wilhelm Meingast,,,,,Die angegebene Beilage ist nicht vorhanden,The specified supplement is not included,,
"Zweig, Friderike",http://d-nb.info/gnd/118637460,,,"Meingast, Anna",http://d-nb.info/gnd/1080163751,,,"1 Brief, Manuskript, 1 Blatt","1 letter, manuscript, 1 leaf",,,Freitag,Freitag,,,,,,,,GER,Schreibpapier,Writing paper,blaue Tinte,blue ink,Friderike Zweig,"17,7 x 22,3 cm",https://d-nb.info/gnd/1047604132,SZ-SAM/B11.18,Wilhelm Meingast,,,,,,,,
"Zweig, Friderike",http://d-nb.info/gnd/118637460,,,"Meingast, Anna",http://d-nb.info/gnd/1080163751,,,"1 Brief, Manuskript, 1 Blatt","1 letter, manuscript, 1 leaf",,,26. Nov,26. Nov,,,,,,,,GER,Schreibpapier,Writing paper,blaue Tinte,blue ink,Friderike Zweig,"16,6 x 23,5 cm",https://d-nb.info/gnd/1047604132,SZ-SAM/B11.19,Wilhelm Meingast,,,,,,,,
"Winternitz, Suse von",http://d-nb.info/gnd/127334882,,,"Meingast, Anna",http://d-nb.info/gnd/1080163751,,,"1 Postkarte, Typoskript, 1 Blatt","1 postcard, manuscript, 1 leaf",,,,,,,1928-08-04,4 - VIII 928,Ostende,,,GER,Postkarte,Postcard,"violettes Farbband, schwarze Tinte","purple ribbon, black ink",Suse von Winternitz,,https://d-nb.info/gnd/1047604132,SZ-SAM/B12,Wilhelm Meingast,,,,,,,"Salzburg, Linzergasse 16",
"Bellonk, Erich",,,,"Meingast, Anna",http://d-nb.info/gnd/1080163751,,,"1 Ansichtspostkarte, Manuskript, 1 Blatt","1 picture postcard, manuscript, 1 leaf",,,23. / I. 27.,23. / I. 27.,,,1927-01-23,,Maulbronn,,,GER,"Ansichtspostkarte: ""Kloster Maulbronn. Höllentreppe""","Picture postcard: ""Kloster Maulbronn. Höllentreppe""",Bleistift,pencil,Erich Bellonk,,https://d-nb.info/gnd/1047604132,SZ-SAM/B13,Wilhelm Meingast,,,,,,,"Salzburg, Kapuzinerberg 5",
"Einstein, Alfred",http://d-nb.info/gnd/116425725,,,"Meingast, Anna",http://d-nb.info/gnd/1080163751,,,"1 Postkarte, Manuskript, 1 Blatt","1 postcard, manuscript, 1 leaf",,,27. III. 35,27. III. 35,,,1935-03-27,,Spiez ,,,GER,Postkarte,Postcard,blaue Tinte,blue ink,Alfred Einstein,"14,8 x 10,5 cm",https://d-nb.info/gnd/1047604132,SZ-SAM/B14,Wilhelm Meingast,,,,,,,"Salzburg, Kapuzinerberg 5",
"Mazzucchetti, Lavinia",http://d-nb.info/gnd/119446456,,,"Meingast, Anna",http://d-nb.info/gnd/1080163751,,,"1 Brief, Typoskript, 1 Blatt","1 letter, typescript, 1 leaf",,,15. I. 1935,15. I. 1935,,,1935-01-15,,Mailand,,,GER,Schreibmaschinenpapier,Typewriter paper,"schwarzes Farbband, Bleistift","black ribbon, pencil",Lavinia Mazzucchetti,"22,4 x28,6 cm",https://d-nb.info/gnd/1047604132,SZ-SAM/B15,Wilhelm Meingast,,,,,,,,
"Podbieliki, Gert René",http://d-nb.info/gnd/116247460,,,"Meingast, Anna",http://d-nb.info/gnd/1080163751,,,"1 Postkarte, Manuskript, 1 Blatt","1 postcard, manuscript, 1 leaf",,,28. Mai 36,28. Mai 36,,,1936-05-28,,Hindenburg,,,GER,Postkarte,Postcard,schwarze Tinte,black ink,Gert René Podbieliki,"15 x 10,4 cm",https://d-nb.info/gnd/1047604132,SZ-SAM/B16,Wilhelm Meingast,,,,,,,"Salzburg, Kapuzinerberg 5",
"Thalhuber, Johann",,,,"Meingast, Anna",http://d-nb.info/gnd/1080163751,,,"1 Ansichtspostkarte, Manuskript, 1 Blatt","1 picture postcard, manuscript, 1 leaf",,,,,,,1935-12-23,23. XII. 35,Salzburg,,,GER,"Ansichtspostkarte: ""Viel Glück zum neuen Jahre.""","Picture postcard: ""Viel Glück zum neuen Jahre.""",violette Tinte,purple ink,Johann Thalhuber,"19,4 x 28,2 cm",https://d-nb.info/gnd/1047604132,SZ-SAM/B17,Wilhelm Meingast,,,,,,,"Wien, Hotel Regina, Dollfussplatz",
"Rieger, Erwin",http://d-nb.info/gnd/116538597,,,"Meingast, Anna",http://d-nb.info/gnd/1080163751,,,"1 Postkarte, Manuskript, 1 Blatt","1 postcard, manuscript, 1 leaf",,,19. August 1932.,19. August 1932.,,,1932-08-19,,Salzburg,,,GER,Postkarte,Postcard,violette Tinte,purple ink,Erwin Rieger,"20,3 x 25,4 cm",https://d-nb.info/gnd/1047604132,SZ-SAM/B18,Wilhelm Meingast,,,,,,,"Mauthen im Gailtal, Pension #anner",
"Rieger, Erwin",http://d-nb.info/gnd/116538597,,,"Meingast, Anna",http://d-nb.info/gnd/1080163751,,,"1 Postkarte, Typoskript, 1 Blatt","1 postcard, typescript, 1 leaf",,,1. 12. 33.,1. 12. 33.,,,1933-12-01,,Wien,,,GER,Postkarte,Postcard,violettes Farbband,purple ribbon,Erwin Rieger,,https://d-nb.info/gnd/1047604132,SZ-SAM/B18,Wilhelm Meingast,,,,,,,"Salzburg, Kapuzinerberg 5",
"Rieger, Erwin",http://d-nb.info/gnd/116538597,,,"Meingast, Anna",http://d-nb.info/gnd/1080163751,,,"1 Brief, Typoskript, 1 Blatt","1 letter, typescript, 1 leaf",,,12. August 1934.,12. August 1934.,,,1934-08-12,,Wien,,,GER,Schreibmaschinenpapier,Typewriter paper,violettes Farbband,purple ribbon,Erwin Rieger,,https://d-nb.info/gnd/1047604132,SZ-SAM/B18,Wilhelm Meingast,,,,,Die angegebene Beilage ist nicht vorhanden,The specified supplement is not included,,
"Zweig, Friderike",http://d-nb.info/gnd/118637460,,,"Meingast, Willi",,,,"1 Postkarte, Manuskript, 1 Blatt","1 postcard, manuscript, 1 leaf",,,,,,,1935-08-29,29. VIII. 35.,Salzburg,,,GER,Postkarte,Postcard,schwarze Tinte,black ink,Friderike Zweig,,https://d-nb.info/gnd/1047604132,SZ-SAM/B19,Wilhelm Meingast,,,,,,,"Salzburg, Linzergasse 16",
"Meingast, Anna",http://d-nb.info/gnd/1080163751,,,"Meingast, Willi",,,,"1 Postkarte, Manuskript, 1 Blatt","1 postcard, manuscript, 1 leaf",,,20. III. 35,20. III. 35,,,1935-03-20,20. III. 35,Salzburg,,,GER,Postkarte,Postcard,schwarze Tinte,black ink,Anna Meingast,,https://d-nb.info/gnd/1047604132,SZ-SAM/B20,Wilhelm Meingast,,,,,Text in Gabelsberger Kurzschrift,Text in Gabelsberg shorthand,"Wien, Porzellangasse 30",
"Meingast, Anna",http://d-nb.info/gnd/1080163751,,,"Zweig, Stefan",http://d-nb.info/gnd/118637479,,,"1 Brief, Typoskriptdurchschlag, 1 Blatt","1 letter, typescript carbon copy, 1 leaf",,,10. Februar 1937,10. Februar 1937,,,1937-02-10,,Salzburg,,,GER,Briefpapier Stefan Zweigs,Stefan Zweig stationary,"violettes Durchschlagpapier, Bleistift","purple carbon paper, pencil",,"22,5 x 28,9 cm",https://d-nb.info/gnd/1047604132,SZ-SAM/B4.1,Wilhelm Meingast,,,,,"Nachträglich beschriftet ""aufbewahren""","Subsequently marked ""aufbewahren""",,
"Meingast, Anna",http://d-nb.info/gnd/1080163751,,,"Zweig, Stefan",http://d-nb.info/gnd/118637479,,,"1 Brief, Typoskriptdurchschlag, 1 Blatt","1 letter, typescript carbon copy, 1 leaf",,,18. Dezember 1937,18. Dezember 1937,,,1937-12-18,,Salzburg,,,GER,Briefpapier Stefan Zweigs,Stefan Zweig stationary,violettes Durchschlagpapier,purple carbon paper,,"22,5 x 14,5 cm",https://d-nb.info/gnd/1047604132,SZ-SAM/B4.2,Wilhelm Meingast,,,,,,,,
"Meingast, Anna",http://d-nb.info/gnd/1080163751,,,"Zweig, Stefan",http://d-nb.info/gnd/118637479,,,"1 Brief, Typoskript, 1 Blatt","1 letter, typescript, 1 leaf",,,26. Februar 1938,26. Februar 1938,,,1938-02-26,,Salzburg,,,GER,Briefpapier Stefan Zweigs,Stefan Zweig stationary,"schwarzes Farbband, schwarze Tinte","black ribbon, black ink",Anna Meingast,"22,5 x 14,5 cm",https://d-nb.info/gnd/1047604132,SZ-SAM/B4.3,Wilhelm Meingast,,,,,,,,
"Meingast, Anna",http://d-nb.info/gnd/1080163751,,,"Zweig, Stefan",http://d-nb.info/gnd/118637479,,,"1 Brief, Typoskriptdurchschlag und Manuskript, 1 Blatt","1 letter, typescript carbon copy and manuscript, 1 leaf",,,8. März 1938,8. März 1938,,,1938-03-08,,Salzburg,,,GER,Briefpapier Stefan Zweigs,Stefan Zweig stationary,"violettes Durchschlagpapier, Bleistift","purple carbon paper, pencil",Anna Meingast,"22,5 x 14,5 cm",https://d-nb.info/gnd/1047604132,SZ-SAM/B4.4,Wilhelm Meingast,,,,,Handschriftliche Zusätze in Gabelsberger Kurzschrift,Handwritten additions in Gabelsberg shorthand,,
"Rolland, Romain",http://d-nb.info/gnd/118602330,,,"Zweig, Stefan",http://d-nb.info/gnd/118637479,,,"1 Brief, Manuskript, 1 Blatt; 1 Kuvert","1 letter, manuscript, 1 leaf; 1 envelope",,,17  septembre 35,17  septembre 35,,,1935-09-17,,Villeneuve,,,FRA,Schreibpapier und Briefkuvert,Writing paper and envelope,schwarze Tinte,black ink,Romain Rolland,"21,4 x 27,9 cm",https://d-nb.info/gnd/1047604132,SZ-SAM/B4.5.1,Wilhelm Meingast,,,,,,,,
"Rolland, Romain",http://d-nb.info/gnd/118602330,,,"Zweig, Stefan",http://d-nb.info/gnd/118637479,,,"1 Brief, Manuskript, 1 Blatt; 1 Kuvert","1 letter, manuscript, 1 leaf; 1 envelope",,,12 novembre 1935,12 novembre 1935,,,1935-11-12,,Villeneuve,,,FRA,Schreibpapier und Briefkuvert,Writing paper and envelope,schwarze Tinte,black ink,Romain Rolland,"21,5 x 28 cm",https://d-nb.info/gnd/1047604132,SZ-SAM/B4.5.2,Wilhelm Meingast,,,,,,,,
"Rolland, Romain",http://d-nb.info/gnd/118602330,,,"Zweig, Stefan",http://d-nb.info/gnd/118637479,,,"1 Brief, Manuskript, 1 Blatt","1 letter, manuscript, 1 leaf",,,9 décembre 1935,9 décembre 1935,,,1935-12-09,,Villeneuve,,,FRA,Schreibpapier,Writing paper,schwarze Tinte,black ink,Romain Rolland,"21,5 x 28 cm",https://d-nb.info/gnd/1047604132,SZ-SAM/B4.5.3,Wilhelm Meingast,,,,,,,,
"Gans, Helmut",http://d-nb.info/gnd/1171011288,,,"Zweig, Stefan",http://d-nb.info/gnd/118637479,,,"1 Brief, Typoskript, 1 Blatt","1 letter, typescript, 1 leaf",,,16. Okt. 31.,16. Okt. 31.,,,1931-10-16,,Frankfurt am Main,,,GER,Briefpapier Helmut Gans',Helmut Gans stationary,"violettes Farbband, schwarze Tinte","purple ribbon, black ink",Helmut Gans,,https://d-nb.info/gnd/1047604132,SZ-SAM/B1,Wilhelm Meingast,,,,,"Nachträglich beschriftet ""Radio""","Subsequently marked ""Radio""",,
"Hasenstab, Irene",,,,"Zweig, Stefan",http://d-nb.info/gnd/118637479,,,"1 Brief, Manuskript, 1 Blatt","1 letter, manuscript, 1 leaf",,,19. Aug. 1931.,19. Aug. 1931.,,,1931-08-19,,Bandoeng,,,GER,Schreibpapier,Writing paper and envelope,schwarze Tinte,black ink,Irene Hasenstab,,https://d-nb.info/gnd/1047604132,SZ-SAM/B2,Wilhelm Meingast,,,,,"Nachträglich beschriftet ""Radio""","Subsequently marked ""Radio""",,
"Clemens, Cyril",http://d-nb.info/gnd/116543191,International Mark Twain Society,http://d-nb.info/gnd/75281-2,"Zweig, Stefan",http://d-nb.info/gnd/118637479,,,"1 Brief, Typoskript, 1 Blatt","1 letter, typescript, 1 leaf",,,,,,,1930-09-07,,"Webster Groves, Missouri",,,ENG,Briefpapier International Mark Twain Society,International Mark Twain Society stationary,schwarze Tinte,black ink,Cyril Clemens,,https://d-nb.info/gnd/1047604132,SZ-SAM/B3,Wilhelm Meingast,,,,,"Nachträglich beschriftet ""Ehrungen, siehe 'Führer'."" und ""Dank""","Subsequently marked ""Ehrungen, siehe 'Führer'."" and ""Dank""",,
Unidentified,,,,"Zweig, Stefan",http://d-nb.info/gnd/118637479,,,1 Kuvert,1 envelope,,,,,,,,20. 9. 23,Frankfurt am Main,,,GER,Briefkuvert,Envelope,schwarze Tinte,black ink,,,http://d-nb.info/gnd/1047605287,SZ-SAM/B6,Ankauf aus Privatbesitz 2013/2014,,,,,"Leeres Kuvert aus der Inflationszeit, beklebt mit Briefmarken im Wert von 250010 Reichsmark, dazu handschriftliche Berechnung der Werte","Empty envelope from the inflation period, labelled with stamps worth 250010 Reichsmark, with handwritten calculation of the values",,